brand_raw,category_raw,title,size_raw,condition_raw,audience,price,currency,published_at,listing_url,seller_id,visible,season,season_keyword
Zara,Dresses,Vestido punto Zara,M / 38 / 10,Muy bueno,Women,5.0,EUR,2025-10-08T01:41:45.882538,https://www.vinted.es/items/7261831061-vestido-punto-zara,31783904,True,,
Zara,Dresses,Vestido camisero blanco de Zara,XS / 34 / 6,Muy bueno,Women,4.0,EUR,2025-10-08T01:41:45.882538,https://www.vinted.es/items/7256134010-vestido-camisero-blanco-de-zara,21655129,True,,
Zara,Dresses,Vestido estampado Zara,M / 38 / 10,Nuevo con etiquetas,Women,15.0,EUR,2025-10-08T01:41:45.882538,https://www.vinted.es/items/7262297739-vestido-estampado-zara,35622410,True,,
Zara,Dresses,Vestido midi,S / 36 / 8,Satisfactorio,Women,10.0,EUR,2025-10-08T01:41:45.882538,https://www.vinted.es/items/7257483261-vestido-midi,129715669,True,,
Zara,Dresses,Vestido negro lencero zara,S / 36 / 8,Muy bueno,Women,12.0,EUR,2025-10-08T01:41:45.882538,https://www.vinted.es/items/7258970962-vestido-negro-lencero-zara,51838970,True,,
Zara,Dresses,Vestido largo Zara,S / 36 / 8,Muy bueno,Women,4.99,EUR,2025-10-08T01:41:45.882538,https://www.vinted.es/items/7259946677-vestido-largo-zara,230081240,True,,
Zara,Dresses,Vestido corto,M / 38 / 10,Nuevo con etiquetas,Women,8.0,EUR,2025-10-08T01:41:45.882538,https://www.vinted.es/items/7261324811-vestido-corto,115549178,True,,
Zara,Dresses,Vestido blanco zara,S / 36 / 8,Muy bueno,Women,5.0,EUR,2025-10-08T01:41:45.882538,https://www.vinted.es/items/7255210869-vestido-blanco-zara,63926508,True,,
Zara,Dresses,Vestido ajustado,S / 36 / 8,Nuevo con etiquetas,Women,10.0,EUR,2025-10-08T01:41:45.882538,https://www.vinted.es/items/7258206717-vestido-ajustado,30261853,True,,
Zara,Dresses,vestido corto blanco de Zara,XS / 34 / 6,Bueno,Women,5.0,EUR,2025-10-08T01:41:45.883532,https://www.vinted.es/items/7258683654-vestido-corto-blanco-de-zara,277853784,True,,
Zara,Dresses,Vestido terciopelo Zara,S / 36 / 8,Muy bueno,Women,5.0,EUR,2025-10-08T01:41:45.883532,https://www.vinted.es/items/7260401444-vestido-terciopelo-zara,243874144,True,,
Zara,Dresses,Vestido Zara Negro,S / 36 / 8,Muy bueno,Women,4.5,EUR,2025-10-08T01:41:45.883532,https://www.vinted.es/items/7255154013-vestido-zara-negro,151949548,True,,
Zara,Dresses,Top peplum palabra de honor,S / 36 / 8,Nuevo con etiquetas,Women,10.0,EUR,2025-10-08T01:41:45.883532,https://www.vinted.es/items/7260641126-top-peplum-palabra-de-honor,24385188,True,,
Zara,Dresses,Vestido midi marr√≥n Zara,M / 38 / 10,Nuevo con etiquetas,Women,8.0,EUR,2025-10-08T01:41:45.883532,https://www.vinted.es/items/7260613335-vestido-midi-marron-zara,232820125,True,,
Zara,Dresses,Solo hoy 18‚Ç¨ Vestido satinado,S / 36 / 8,Nuevo con etiquetas,Women,18.0,EUR,2025-10-08T01:41:45.883532,https://www.vinted.es/items/7260556585-solo-hoy-18eu-vestido-satinado,27940291,True,,
Zara,Dresses,Vestido Zara,S / 36 / 8,Nuevo sin etiquetas,Women,10.0,EUR,2025-10-08T01:41:45.884532,https://www.vinted.es/items/7262135082-vestido-zara,21754869,True,,
Zara,Dresses,Jersey Vestido corto gris oscuro,S / 36 / 8,Muy bueno,Women,6.85,EUR,2025-10-08T01:41:45.884532,https://www.vinted.es/items/7250563791-jersey-vestido-corto-gris-oscuro,69579139,True,,
Zara,Dresses,Vestido midi entallado,S / 36 / 8,Nuevo con etiquetas,Women,15.0,EUR,2025-10-08T01:41:45.884532,https://www.vinted.es/items/7259284375-vestido-midi-entallado,294784136,True,,
Zara,Dresses,Vestido de flecos amarillo,M / 38 / 10,Muy bueno,Women,7.0,EUR,2025-10-08T01:41:45.884532,https://www.vinted.es/items/7259196711-vestido-de-flecos-amarillo,70273923,True,,
Zara,Dresses,Vestido Zara,S / 36 / 8,Muy bueno,Women,8.0,EUR,2025-10-08T01:41:45.884532,https://www.vinted.es/items/7249112475-vestido-zara,27400661,True,,
Zara,Dresses,Vestido midi Zaira,S / 36 / 8,Muy bueno,Women,3.0,EUR,2025-10-08T01:41:45.884532,https://www.vinted.es/items/7260999605-vestido-midi-zaira,112658412,True,,
Zara,Dresses,Vestido verde botella plisado,M / 38 / 10,Nuevo sin etiquetas,Women,12.0,EUR,2025-10-08T01:41:45.884532,https://www.vinted.es/items/7261630679-vestido-verde-botella-plisado,45850842,True,,
Zara,Dresses,Vestido,M / 38 / 10,Muy bueno,Women,4.0,EUR,2025-10-08T01:41:45.884532,https://www.vinted.es/items/7257004154-vestido,228022079,True,,
Zara,Dresses,Vestido floral azul Zara largo,S / 36 / 8,Nuevo sin etiquetas,Women,13.0,EUR,2025-10-08T01:41:45.884532,https://www.vinted.es/items/7259212573-vestido-floral-azul-zara-largo,27858191,True,,
Zara,Dresses,Vestido,M / 38 / 10,Nuevo con etiquetas,Women,6.0,EUR,2025-10-08T01:41:45.884532,https://www.vinted.es/items/7261290392-vestido,290114128,True,,
Zara,Dresses,Vestido Zara Blanco,M / 38 / 10,Muy bueno,Women,10.0,EUR,2025-10-08T01:41:45.885533,https://www.vinted.es/items/7260347210-vestido-zara-blanco,32932312,True,,
Zara,Dresses,Vestido multicolor,XL / 42 / 14,Nuevo sin etiquetas,Women,10.0,EUR,2025-10-08T01:41:45.885533,https://www.vinted.es/items/7260764877-vestido-multicolor,290413603,True,,
Zara,Dresses,Vestido terciopelo corto,S / 36 / 8,Nuevo sin etiquetas,Women,10.0,EUR,2025-10-08T01:41:45.885533,https://www.vinted.es/items/7262023347-vestido-terciopelo-corto,27781559,True,,
Zara,Dresses,vestido zara,XS / 34 / 6,Nuevo con etiquetas,Women,6.0,EUR,2025-10-08T01:41:45.885533,https://www.vinted.es/items/7252649119-vestido-zara,30915480,True,,
Zara,Dresses,Vestido Zara,L / 40 / 12,Nuevo sin etiquetas,Women,6.0,EUR,2025-10-08T01:41:45.885909,https://www.vinted.es/items/7261626944-vestido-zara,272117566,True,,
Zara,Dresses,Vestido negro,S / 36 / 8,Muy bueno,Women,5.0,EUR,2025-10-08T01:41:45.885909,https://www.vinted.es/items/7257831119-vestido-negro,46262204,True,,
Zara,Dresses,Vestido Coral Zara,XS / 34 / 6,Nuevo con etiquetas,Women,25.0,EUR,2025-10-08T01:41:45.885909,https://www.vinted.es/items/7260142119-vestido-coral-zara,208641528,True,,
Zara,Dresses,Beige/sequin mini dress,S / 36 / 8,Nuevo sin etiquetas,Women,10.0,EUR,2025-10-08T01:41:45.886484,https://www.vinted.es/items/7253207175-beigesequin-mini-dress,209570593,True,,
Zara,Dresses,Vestido zara,M / 38 / 10,Muy bueno,Women,4.5,EUR,2025-10-08T01:41:45.886484,https://www.vinted.es/items/7258124025-vestido-zara,103589146,True,,
Zara,Dresses,Vestido Corto,M / 38 / 10,Muy bueno,Women,7.0,EUR,2025-10-08T01:41:45.886484,https://www.vinted.es/items/7254870168-vestido-corto,36919508,True,,
Zara,Dresses,Vestido Zara,M / 38 / 10,Muy bueno,Women,7.0,EUR,2025-10-08T01:41:45.887220,https://www.vinted.es/items/7256849918-vestido-zara,293808327,True,,
Zara,Dresses,Vestido corto blanco,S / 36 / 8,Muy bueno,Women,5.0,EUR,2025-10-08T01:41:45.887220,https://www.vinted.es/items/7256331871-vestido-corto-blanco,133046251,True,,
Zara,Dresses,Vestido zara,M / 38 / 10,Muy bueno,Women,3.9,EUR,2025-10-08T01:41:45.887220,https://www.vinted.es/items/7248257952-vestido-zara,135450329,True,,
Zara,Dresses,Vestido largo,S / 36 / 8,Muy bueno,Women,5.0,EUR,2025-10-08T01:41:45.887220,https://www.vinted.es/items/7257366202-vestido-largo,26170124,True,,
Zara,Dresses,Vestido zara camisero largo,S / 36 / 8,Nuevo sin etiquetas,Women,7.0,EUR,2025-10-08T01:41:45.887220,https://www.vinted.es/items/7258246553-vestido-zara-camisero-largo,66304847,True,,
Zara,Dresses,Vestido de jacquard. Color verde. Talla M (talla poco),M / 38 / 10,Nuevo sin etiquetas,Women,18.0,EUR,2025-10-08T01:41:45.887220,https://www.vinted.es/items/7260863513-vestido-de-jacquard-color-verde-talla-m-talla-poco,33241106,True,,
Zara,Dresses,Vestido rojo Zara,S / 36 / 8,Nuevo sin etiquetas,Women,8.0,EUR,2025-10-08T01:41:45.887220,https://www.vinted.es/items/7249620600-vestido-rojo-zara,87505574,True,,
Zara,Dresses,Vestido punto anudado al cuello.,XS / 34 / 6,Nuevo con etiquetas,Women,15.0,EUR,2025-10-08T01:41:45.888442,https://www.vinted.es/items/7261987777-vestido-punto-anudado-al-cuello,24468332,True,,
Zara,Dresses,Vestido Zara Azul Marino,XS / 34 / 6,Nuevo con etiquetas,Women,25.0,EUR,2025-10-08T01:41:45.888442,https://www.vinted.es/items/7260283697-vestido-zara-azul-marino,208641528,True,,
Zara,Dresses,Mini vestido,S / 36 / 8,Nuevo sin etiquetas,Women,7.0,EUR,2025-10-08T01:41:45.888442,https://www.vinted.es/items/7259707322-mini-vestido,28335281,True,,
Zara,Dresses,Vestido cuadros mini Zara,S / 36 / 8,Muy bueno,Women,5.0,EUR,2025-10-08T01:41:45.888442,https://www.vinted.es/items/7261598028-vestido-cuadros-mini-zara,232820125,True,,
Zara,Dresses,Vestido largo Zara talla S,S / 36 / 8,Muy bueno,Women,5.0,EUR,2025-10-08T01:41:45.888442,https://www.vinted.es/items/7250993274-vestido-largo-zara-talla-s,24713856,True,,
Zara,Dresses,Vestido negro,M / 38 / 10,Nuevo con etiquetas,Women,16.0,EUR,2025-10-08T01:41:45.888442,https://www.vinted.es/items/7262170005-vestido-negro,292116586,True,,
Zara,Dresses,Vestido lentejuelas Zara,M / 38 / 10,Nuevo con etiquetas,Women,18.0,EUR,2025-10-08T01:41:45.888442,https://www.vinted.es/items/7260826655-vestido-lentejuelas-zara,98567372,True,,
Zara,Dresses,Vestido vaquero Zara,S / 36 / 8,Muy bueno,Women,9.0,EUR,2025-10-08T01:41:45.889451,https://www.vinted.es/items/7259033395-vestido-vaquero-zara,274638458,True,,
Zara,Dresses,Vestido negro Zara talle M,M / 38 / 10,Muy bueno,Women,10.0,EUR,2025-10-08T01:41:45.889451,https://www.vinted.es/items/7256879024-vestido-negro-zara-talle-m,118986179,True,,
Zara,Dresses,Vestido Punto,S / 36 / 8,Muy bueno,Women,2.8,EUR,2025-10-08T01:41:45.889451,https://www.vinted.es/items/7256879248-vestido-punto,128303211,True,,
Zara,Dresses,Vestido punto brillo Zara,M / 38 / 10,Nuevo con etiquetas,Women,18.0,EUR,2025-10-08T01:41:45.889451,https://www.vinted.es/items/7262266636-vestido-punto-brillo-zara,49726591,True,,
Zara,Dresses,vestido zara denim,S / 36 / 8,Muy bueno,Women,7.0,EUR,2025-10-08T01:41:45.889451,https://www.vinted.es/items/7260249091-vestido-zara-denim,37455221,True,,
Zara,Dresses,Vestido midi crochet blanco precioso con cremallera en la espalda. Talla M 38,M / 38 / 10,Nuevo sin etiquetas,Women,4.5,EUR,2025-10-08T01:41:45.889451,https://www.vinted.es/items/7250372161-vestido-midi-crochet-blanco-precioso-con-cremallera-en-la-espalda-talla-m-38,292542140,True,,
Zara,Dresses,Vestido Zara,M / 38 / 10,Nuevo con etiquetas,Women,15.0,EUR,2025-10-08T01:41:45.889451,https://www.vinted.es/items/7257332273-vestido-zara,168619253,True,,
Zara,Dresses,Vestido Zara,L / 40 / 12,Muy bueno,Women,4.5,EUR,2025-10-08T01:41:45.889451,https://www.vinted.es/items/7259232551-vestido-zara,134893816,True,,
Zara,Dresses,Vestido ajustado punto ( sin usar),S / 36 / 8,Nuevo con etiquetas,Women,4.0,EUR,2025-10-08T01:41:45.889451,https://www.vinted.es/items/7255385605-vestido-ajustado-punto-sin-usar,31486002,True,,
Zara,Dresses,Vestido camisero Zara,M / 38 / 10,Muy bueno,Women,15.0,EUR,2025-10-08T01:41:45.890279,https://www.vinted.es/items/7261733845-vestido-camisero-zara,34375114,True,,
Zara,Dresses,Vestido Zara talla S,S / 36 / 8,Muy bueno,Women,4.95,EUR,2025-10-08T01:41:45.890279,https://www.vinted.es/items/7259290208-vestido-zara-talla-s,33970077,True,,
Zara,Dresses,Vestido midi Zara,XS / 34 / 6,Muy bueno,Women,8.0,EUR,2025-10-08T01:41:45.890279,https://www.vinted.es/items/7249762750-vestido-midi-zara,58412935,True,,
Zara,Dresses,Vestido de Zara,M / 38 / 10,Nuevo sin etiquetas,Women,8.0,EUR,2025-10-08T01:41:45.890279,https://www.vinted.es/items/7260253788-vestido-de-zara,40088453,True,,
Zara,Dresses,Vestido negro de terciopelo de Zara,S / 36 / 8,Bueno,Women,5.0,EUR,2025-10-08T01:41:45.890279,https://www.vinted.es/items/7251527222-vestido-negro-de-terciopelo-de-zara,98028598,True,,
Zara,Dresses,Vestido para ir a la playa,M / 38 / 10,Muy bueno,Women,3.0,EUR,2025-10-08T01:41:45.890279,https://www.vinted.es/items/7258899978-vestido-para-ir-a-la-playa,263908253,True,,
Zara,Dresses,Vestido de punto blanco,M / 38 / 10,Muy bueno,Women,18.0,EUR,2025-10-08T01:41:45.890279,https://www.vinted.es/items/7261459020-vestido-de-punto-blanco,24626669,True,,
Zara,Dresses,vestido negro ce√±ido escote en V,M / 38 / 10,Nuevo sin etiquetas,Women,5.0,EUR,2025-10-08T01:41:45.890279,https://www.vinted.es/items/7257430917-vestido-negro-cenido-escote-en-v,120601236,True,,
Zara,Dresses,Vestido midi apertura gris perla zara,S / 36 / 8,Nuevo con etiquetas,Women,9.0,EUR,2025-10-08T01:41:45.890279,https://www.vinted.es/items/7256807834-vestido-midi-apertura-gris-perla-zara,84088882,True,,
Zara,Dresses,Vestido Denim Zara,M / 38 / 10,Nuevo con etiquetas,Women,15.0,EUR,2025-10-08T01:41:45.890279,https://www.vinted.es/items/7257481259-vestido-denim-zara,74097473,True,,
Zara,Dresses,Vestido Zara,XL / 42 / 14,Muy bueno,Women,3.0,EUR,2025-10-08T01:41:45.890279,https://www.vinted.es/items/7256018971-vestido-zara,30038406,True,,
Zara,Dresses,Polka dot dress,S / 36 / 8,Muy bueno,Women,5.0,EUR,2025-10-08T01:41:45.890279,https://www.vinted.es/items/7249220032-polka-dot-dress,222461849,True,,
Zara,Dresses,Vestido rojo de lana,M / 38 / 10,Bueno,Women,5.0,EUR,2025-10-08T01:41:45.890279,https://www.vinted.es/items/7251354240-vestido-rojo-de-lana,21204952,True,,
Zara,Dresses,Vestido de Zara,S / 36 / 8,Muy bueno,Women,10.0,EUR,2025-10-08T01:41:45.890279,https://www.vinted.es/items/7257708380-vestido-de-zara,104983369,True,,
Zara,Dresses,Conjunto dos petos,M / 38 / 10,Muy bueno,Women,4.5,EUR,2025-10-08T01:41:45.890279,https://www.vinted.es/items/7260075100-conjunto-dos-petos,83319653,True,,
Zara,Dresses,Vestido negro Zara,M / 38 / 10,Muy bueno,Women,10.0,EUR,2025-10-08T01:41:45.890279,https://www.vinted.es/items/7255127058-vestido-negro-zara,165216369,True,,
Zara,Dresses,Vestido Beige,S / 36 / 8,Nuevo sin etiquetas,Women,5.0,EUR,2025-10-08T01:41:45.890279,https://www.vinted.es/items/7259615540-vestido-beige,229622171,True,,
Zara,Dresses,Vestido de Zara,M / 38 / 10,Bueno,Women,4.0,EUR,2025-10-08T01:41:45.890279,https://www.vinted.es/items/7260422071-vestido-de-zara,57109345,True,,
Zara,Dresses,Vestido de verano,XS / 34 / 6,Muy bueno,Women,6.0,EUR,2025-10-08T01:41:45.890279,https://www.vinted.es/items/7261732648-vestido-de-verano,22550768,True,summer,verano
Zara,Dresses,Vestido de Zara,M / 38 / 10,Nuevo sin etiquetas,Women,7.0,EUR,2025-10-08T01:41:45.890279,https://www.vinted.es/items/7256444045-vestido-de-zara,52540929,True,,
Zara,Dresses,Vestido Zara,S / 36 / 8,Muy bueno,Women,4.0,EUR,2025-10-08T01:41:45.893587,https://www.vinted.es/items/7261644337-vestido-zara,33894704,True,,
Zara,Dresses,"Vestido Zara talla M, lunares",M / 38 / 10,Muy bueno,Women,5.0,EUR,2025-10-08T01:41:45.893587,https://www.vinted.es/items/7258546668-vestido-zara-talla-m-lunares,275068300,True,,
Zara,Dresses,Vestido Zara,M / 38 / 10,Muy bueno,Women,6.0,EUR,2025-10-08T01:41:45.893587,https://www.vinted.es/items/7254785187-vestido-zara,67740912,True,,
Zara,Dresses,Vestido largo Zara,S / 36 / 8,Nuevo sin etiquetas,Women,12.0,EUR,2025-10-08T01:41:45.893910,https://www.vinted.es/items/7259854910-vestido-largo-zara,23653632,True,,
Zara,Dresses,Vestido corto blanco zara con escote en V y manga larga,S / 36 / 8,Nuevo sin etiquetas,Women,10.0,EUR,2025-10-08T01:41:45.893910,https://www.vinted.es/items/7262021771-vestido-corto-blanco-zara-con-escote-en-v-y-manga-larga,233276210,True,,
Zara,Dresses,Vestido,XS / 34 / 6,Nuevo con etiquetas,Women,10.0,EUR,2025-10-08T01:41:45.893910,https://www.vinted.es/items/7262177067-vestido,20916733,True,,
Zara,Dresses,vestido precioso del zara,M / 38 / 10,Nuevo sin etiquetas,Women,3.0,EUR,2025-10-08T01:41:45.893910,https://www.vinted.es/items/7254789860-vestido-precioso-del-zara,246347450,True,,
Zara,Dresses,Vestido mini marr√≥n,M / 38 / 10,Nuevo con etiquetas,Women,7.0,EUR,2025-10-08T01:41:45.893910,https://www.vinted.es/items/7258049443-vestido-mini-marron,125180514,True,,
Zara,Dresses,Vestido b√°sico de Zara,S / 36 / 8,Muy bueno,Women,7.0,EUR,2025-10-08T01:41:45.893910,https://www.vinted.es/items/7257792777-vestido-basico-de-zara,261885755,True,,
Zara,Dresses,Vestido de Zara,L / 40 / 12,Muy bueno,Women,8.0,EUR,2025-10-08T01:41:45.893910,https://www.vinted.es/items/7259967228-vestido-de-zara,80610667,True,,
Zara,Dresses,vestido largo zara,M / 38 / 10,Muy bueno,Women,10.0,EUR,2025-10-08T01:41:45.893910,https://www.vinted.es/items/7260850957-vestido-largo-zara,37298592,True,,
Zara,Dresses,Vestido satinado largo de tirantes,M / 38 / 10,Nuevo sin etiquetas,Women,5.0,EUR,2025-10-08T01:41:45.893910,https://www.vinted.es/items/7260112239-vestido-satinado-largo-de-tirantes,204700334,True,,
Zara,Dresses,Vestido terciopelo verde oscuro Zara,S / 36 / 8,Nuevo sin etiquetas,Women,10.0,EUR,2025-10-08T01:41:45.893910,https://www.vinted.es/items/7253256029-vestido-terciopelo-verde-oscuro-zara,228511895,True,,
Zara,Dresses,Vestido verde de Zara,M / 38 / 10,Nuevo sin etiquetas,Women,8.0,EUR,2025-10-08T01:41:45.893910,https://www.vinted.es/items/7260295718-vestido-verde-de-zara,40088453,True,,
Zara,Dresses,Vestido entubado Zara talla L,L / 40 / 12,Nuevo con etiquetas,Women,11.0,EUR,2025-10-08T01:41:45.895451,https://www.vinted.es/items/7260667670-vestido-entubado-zara-talla-l,22769276,True,,
Zara,Dresses,Vestido midi apertura negro licra zara,S / 36 / 8,Muy bueno,Women,8.0,EUR,2025-10-08T01:41:45.895451,https://www.vinted.es/items/7256907079-vestido-midi-apertura-negro-licra-zara,84088882,True,,
Zara,Dresses,Vestido palabra de honor de Zara,M / 38 / 10,Bueno,Women,2.0,EUR,2025-10-08T01:41:45.895796,https://www.vinted.es/items/7260525333-vestido-palabra-de-honor-de-zara,28001657,True,,
Zara,Dresses,Vestido Zara,S / 36 / 8,Nuevo sin etiquetas,Women,10.0,EUR,2025-10-08T01:41:45.895796,https://www.vinted.es/items/7261852385-vestido-zara,30277477,True,,
Mango,Dresses,Vestido negro terciopelo,M / 38 / 10,Muy bueno,Women,5.0,EUR,2025-10-08T01:41:52.881428,https://www.vinted.es/items/7233801241-vestido-negro-terciopelo,75984816,True,,
Mango,Dresses,Peto de lana de Mango,S / 36 / 8,Nuevo sin etiquetas,Women,5.0,EUR,2025-10-08T01:41:52.881428,https://www.vinted.es/items/7251002555-peto-de-lana-de-mango,50482799,True,,
Mango,Dresses,Vestido veraniego Mango,M / 38 / 10,Nuevo sin etiquetas,Women,7.0,EUR,2025-10-08T01:41:52.881428,https://www.vinted.es/items/7251532261-vestido-veraniego-mango,180557744,True,,
Mango,Dresses,"Vestido largo mango teen, talla xxs",XXS / 32 / 4,Bueno,Women,5.0,EUR,2025-10-08T01:41:52.882692,https://www.vinted.es/items/7241856383-vestido-largo-mango-teen-talla-xxs,294757384,True,,
Mango,Dresses,Vestido Mango,M / 38 / 10,Nuevo sin etiquetas,Women,5.0,EUR,2025-10-08T01:41:52.882692,https://www.vinted.es/items/7261570730-vestido-mango,287701958,True,,
Mango,Dresses,Vestido negro tercipelo,S / 36 / 8,Nuevo sin etiquetas,Women,8.0,EUR,2025-10-08T01:41:52.882692,https://www.vinted.es/items/7251257848-vestido-negro-tercipelo,81042251,True,,
Mango,Dresses,Vestido vaquero negro 38 M Mango,M / 38 / 10,Bueno,Women,5.0,EUR,2025-10-08T01:41:52.882692,https://www.vinted.es/items/7251777633-vestido-vaquero-negro-38-m-mango,119717740,True,,
Mango,Dresses,Vestido con efecto cola,M / 38 / 10,Muy bueno,Women,7.0,EUR,2025-10-08T01:41:52.882692,https://www.vinted.es/items/7261884526-vestido-con-efecto-cola,44690462,True,,
Mango,Dresses,vestido satinado,M / 38 / 10,Muy bueno,Women,6.0,EUR,2025-10-08T01:41:52.882692,https://www.vinted.es/items/7240423176-vestido-satinado,76987962,True,,
Mango,Dresses,Vestido mujer,M / 38 / 10,Bueno,Women,5.0,EUR,2025-10-08T01:41:52.882692,https://www.vinted.es/items/7257230465-vestido-mujer,121480555,True,,
Mango,Dresses,Vestido Mango,S / 36 / 8,Nuevo con etiquetas,Women,30.0,EUR,2025-10-08T01:41:52.882692,https://www.vinted.es/items/7254239557-vestido-mango,54099123,True,,
Mango,Dresses,Vestido largo de Mango con hilos plateados,M / 38 / 10,Nuevo sin etiquetas,Women,15.0,EUR,2025-10-08T01:41:52.883699,https://www.vinted.es/items/7261205319-vestido-largo-de-mango-con-hilos-plateados,41221984,True,,
Mango,Dresses,Vestido corto,M / 38 / 10,Bueno,Women,5.0,EUR,2025-10-08T01:41:52.883699,https://www.vinted.es/items/7230924835-vestido-corto,178643199,True,,
Mango,Dresses,Peto corto.,L / 40 / 12,Bueno,Women,6.0,EUR,2025-10-08T01:41:52.883699,https://www.vinted.es/items/7230901525-peto-corto,268728897,True,,
Mango,Dresses,Vestido largo mango,M / 38 / 10,Nuevo con etiquetas,Women,16.0,EUR,2025-10-08T01:41:52.883699,https://www.vinted.es/items/7252614270-vestido-largo-mango,285554972,True,,
Mango,Dresses,Vestido mujer color marr√≥n talla S de la marca MNG,S / 36 / 8,Muy bueno,Women,8.0,EUR,2025-10-08T01:41:52.883699,https://www.vinted.es/items/7231010931-vestido-mujer-color-marron-talla-s-de-la-marca-mng,290238448,True,,
Mango,Dresses,Vestido lencero,M / 38 / 10,Nuevo con etiquetas,Women,70.0,EUR,2025-10-08T01:41:52.883699,https://www.vinted.es/items/7262201141-vestido-lencero,34176816,True,,
Mango,Dresses,Vestido punto,S / 36 / 8,Muy bueno,Women,3.0,EUR,2025-10-08T01:41:52.883699,https://www.vinted.es/items/7258491980-vestido-punto,23104511,True,,
Mango,Dresses,Vestido mango,XS / 34 / 6,Nuevo sin etiquetas,Women,4.0,EUR,2025-10-08T01:41:52.883699,https://www.vinted.es/items/7261635926-vestido-mango,272117566,True,,
Mango,Dresses,Vestido verde de Mango,L / 40 / 12,Nuevo sin etiquetas,Women,4.9,EUR,2025-10-08T01:41:52.883699,https://www.vinted.es/items/7258398192-vestido-verde-de-mango,39005349,True,,
Mango,Dresses,Vestido Mango,S / 36 / 8,Nuevo sin etiquetas,Women,15.0,EUR,2025-10-08T01:41:52.884698,https://www.vinted.es/items/7250674454-vestido-mango,32301009,True,,
Mango,Dresses,Vestido elegante con evilla en un lado,M / 38 / 10,Muy bueno,Women,4.0,EUR,2025-10-08T01:41:52.884698,https://www.vinted.es/items/7247119164-vestido-elegante-con-evilla-en-un-lado,87822460,True,,
Mango,Dresses,Vestido mini mango,M / 38 / 10,Muy bueno,Women,6.0,EUR,2025-10-08T01:41:52.884698,https://www.vinted.es/items/7239486386-vestido-mini-mango,31571730,True,,
Mango,Dresses,Vestido lana,M / 38 / 10,Nuevo sin etiquetas,Women,5.0,EUR,2025-10-08T01:41:52.884698,https://www.vinted.es/items/7256051973-vestido-lana,294949661,True,,
Mango,Dresses,Vestido negro Mango usado una vez.,L / 40 / 12,Nuevo sin etiquetas,Women,5.0,EUR,2025-10-08T01:41:52.884698,https://www.vinted.es/items/7255572612-vestido-negro-mango-usado-una-vez,89553572,True,,
Mango,Dresses,Vestido de Mango con abertura,XS / 34 / 6,Muy bueno,Women,3.0,EUR,2025-10-08T01:41:52.884698,https://www.vinted.es/items/7252474907-vestido-de-mango-con-abertura,23408283,True,,
Mango,Dresses,Vestido de Mango,M / 38 / 10,Nuevo con etiquetas,Women,6.0,EUR,2025-10-08T01:41:52.884698,https://www.vinted.es/items/7258000598-vestido-de-mango,74965789,True,,
Mango,Dresses,Precioso vestido oto√±al. Cruzado,L / 40 / 12,Muy bueno,Women,5.0,EUR,2025-10-08T01:41:52.884698,https://www.vinted.es/items/7237494990-precioso-vestido-otonal-cruzado,41809247,True,,
Mango,Dresses,Vestido mini negro de manga larga de gasa de Mango,M / 38 / 10,Muy bueno,Women,7.0,EUR,2025-10-08T01:41:52.884698,https://www.vinted.es/items/7240390693-vestido-mini-negro-de-manga-larga-de-gasa-de-mango,34634438,True,,
Mango,Dresses,Vestido chica,M / 38 / 10,Muy bueno,Women,3.0,EUR,2025-10-08T01:41:52.884698,https://www.vinted.es/items/7235424153-vestido-chica,29838138,True,,
Mango,Dresses,Vestido Mango,M / 38 / 10,Muy bueno,Women,8.0,EUR,2025-10-08T01:41:52.885424,https://www.vinted.es/items/7261721329-vestido-mango,258230482,True,,
Mango,Dresses,Vestido Mango,L / 40 / 12,Muy bueno,Women,6.5,EUR,2025-10-08T01:41:52.885424,https://www.vinted.es/items/7250945160-vestido-mango,265795524,True,,
Mango,Dresses,Vestido mango,L / 40 / 12,Muy bueno,Women,3.0,EUR,2025-10-08T01:41:52.885424,https://www.vinted.es/items/7252922686-vestido-mango,131772683,True,,
Mango,Dresses,Vestido largo dorado brillo,M / 38 / 10,Muy bueno,Women,8.0,EUR,2025-10-08T01:41:52.885424,https://www.vinted.es/items/7260436696-vestido-largo-dorado-brillo,42895202,True,,
Mango,Dresses,Vestido Mango Suit,S / 36 / 8,Muy bueno,Women,15.0,EUR,2025-10-08T01:41:52.885424,https://www.vinted.es/items/7249317440-vestido-mango-suit,294746628,True,,
Mango,Dresses,Vestido midi de mango,XL / 42 / 14,Muy bueno,Women,5.0,EUR,2025-10-08T01:41:52.885424,https://www.vinted.es/items/7261215027-vestido-midi-de-mango,181656416,True,,
Mango,Dresses,Pichi de invierno de Mango,M / 38 / 10,Nuevo sin etiquetas,Women,5.0,EUR,2025-10-08T01:41:52.885424,https://www.vinted.es/items/7245865767-pichi-de-invierno-de-mango,81007182,True,winter,invierno
Mango,Dresses,Vestido largo MANGO,S / 36 / 8,Muy bueno,Women,5.0,EUR,2025-10-08T01:41:52.885424,https://www.vinted.es/items/7251944676-vestido-largo-mango,37173247,True,,
Mango,Dresses,Vestido pichi Mango,S / 36 / 8,Nuevo sin etiquetas,Women,5.0,EUR,2025-10-08T01:41:52.886151,https://www.vinted.es/items/7259502384-vestido-pichi-mango,111806219,True,,
Mango,Dresses,Vestido verde Mango L,L / 40 / 12,Muy bueno,Women,15.0,EUR,2025-10-08T01:41:52.886151,https://www.vinted.es/items/7260512650-vestido-verde-mango-l,197876713,True,,
Mango,Dresses,Vestido estampado cebra Mango,M / 38 / 10,Nuevo sin etiquetas,Women,12.0,EUR,2025-10-08T01:41:52.886151,https://www.vinted.es/items/7256579037-vestido-estampado-cebra-mango,43314960,True,,
Mango,Dresses,Vestido camisero negro,S / 36 / 8,Muy bueno,Women,5.0,EUR,2025-10-08T01:41:52.886637,https://www.vinted.es/items/7238084063-vestido-camisero-negro,294704445,True,,
Mango,Dresses,Vestido,XL / 42 / 14,Satisfactorio,Women,7.0,EUR,2025-10-08T01:41:52.886637,https://www.vinted.es/items/7237849666-vestido,144535324,True,,
Mango,Dresses,Vestido lencero,S / 36 / 8,Muy bueno,Women,6.0,EUR,2025-10-08T01:41:52.886637,https://www.vinted.es/items/7262294689-vestido-lencero,21262060,True,,
Mango,Dresses,Vestido animal print,M / 38 / 10,Nuevo sin etiquetas,Women,10.0,EUR,2025-10-08T01:41:52.886637,https://www.vinted.es/items/7244989212-vestido-animal-print,186326137,True,,
Mango,Dresses,Vestido negro de encaje de Mango,L / 40 / 12,Bueno,Women,9.0,EUR,2025-10-08T01:41:52.886637,https://www.vinted.es/items/7238559576-vestido-negro-de-encaje-de-mango,30561190,True,,
Mango,Dresses,Vestido floral mango,S / 36 / 8,Nuevo sin etiquetas,Women,6.0,EUR,2025-10-08T01:41:52.887199,https://www.vinted.es/items/7245288591-vestido-floral-mango,24452512,True,,
Mango,Dresses,Vestido negro mango,XS / 34 / 6,Nuevo con etiquetas,Women,15.0,EUR,2025-10-08T01:41:52.887199,https://www.vinted.es/items/7247616710-vestido-negro-mango,70966684,True,,
Mango,Dresses,Vestido Mango,XS / 34 / 6,Muy bueno,Women,20.0,EUR,2025-10-08T01:41:52.887199,https://www.vinted.es/items/7260375562-vestido-mango,108929953,True,,
Mango,Dresses,Vestido con lino mango,S / 36 / 8,Muy bueno,Women,4.0,EUR,2025-10-08T01:41:52.887199,https://www.vinted.es/items/7255320757-vestido-con-lino-mango,89272486,True,,
Mango,Dresses,Vestido Mango Rojo XL,XL / 42 / 14,Nuevo sin etiquetas,Women,5.5,EUR,2025-10-08T01:41:52.887199,https://www.vinted.es/items/7249614698-vestido-mango-rojo-xl,287439573,True,,
Mango,Dresses,Vestido XXS Mango nuevo,XXS / 32 / 4,Nuevo con etiquetas,Women,3.5,EUR,2025-10-08T01:41:52.887199,https://www.vinted.es/items/7258036209-vestido-xxs-mango-nuevo,272625488,True,,
Mango,Dresses,Vestido corto terciopelo,S / 36 / 8,Muy bueno,Women,5.0,EUR,2025-10-08T01:41:52.887199,https://www.vinted.es/items/7240564347-vestido-corto-terciopelo,79724514,True,,
Mango,Dresses,Vestido largo de Mango,M / 38 / 10,Nuevo sin etiquetas,Women,10.0,EUR,2025-10-08T01:41:52.887199,https://www.vinted.es/items/7249107696-vestido-largo-de-mango,59648987,True,,
Mango,Dresses,Vestido Mango,XXS / 32 / 4,Nuevo con etiquetas,Women,10.0,EUR,2025-10-08T01:41:52.888260,https://www.vinted.es/items/7237312877-vestido-mango,22459252,True,,
Mango,Dresses,Vestido verde,M / 38 / 10,Muy bueno,Women,8.0,EUR,2025-10-08T01:41:52.888260,https://www.vinted.es/items/7237839771-vestido-verde,134718718,True,,
Mango,Dresses,Vestido tul Mango XL,XL / 42 / 14,Muy bueno,Women,5.0,EUR,2025-10-08T01:41:52.888260,https://www.vinted.es/items/7259308420-vestido-tul-mango-xl,115254556,True,,
Mango,Dresses,Vestido mini cut out Mango,S / 36 / 8,Muy bueno,Women,5.0,EUR,2025-10-08T01:41:52.888260,https://www.vinted.es/items/7261813285-vestido-mini-cut-out-mango,232820125,True,,
Mango,Dresses,Precioso vestido tipo chaqueta,S / 36 / 8,Muy bueno,Women,14.0,EUR,2025-10-08T01:41:52.888260,https://www.vinted.es/items/7243469542-precioso-vestido-tipo-chaqueta,115569306,True,,
Mango,Dresses,Mini velvet dress,XS / 34 / 6,Muy bueno,Women,3.0,EUR,2025-10-08T01:41:52.888260,https://www.vinted.es/items/7238798061-mini-velvet-dress,160171257,True,,
Mango,Dresses,Vestido Mango Talla L,L / 40 / 12,Nuevo sin etiquetas,Women,3.5,EUR,2025-10-08T01:41:52.888260,https://www.vinted.es/items/7254711312-vestido-mango-talla-l,84475740,True,,
Mango,Dresses,Precioso vestido rosa,M / 38 / 10,Nuevo sin etiquetas,Women,7.0,EUR,2025-10-08T01:41:52.888260,https://www.vinted.es/items/7231141567-precioso-vestido-rosa,276770608,True,,
Mango,Dresses,Vestido midi Mango,S / 36 / 8,Nuevo sin etiquetas,Women,11.0,EUR,2025-10-08T01:41:52.888260,https://www.vinted.es/items/7247130582-vestido-midi-mango,230238653,True,,
Mango,Dresses,Vestido midi flores,XL / 42 / 14,Muy bueno,Women,8.0,EUR,2025-10-08T01:41:52.888260,https://www.vinted.es/items/7236260530-vestido-midi-flores,42879345,True,,
Mango,Dresses,Vestido blanco Mango talla Xs usa 2,XXXS / 30 / 2,Muy bueno,Women,3.0,EUR,2025-10-08T01:41:52.889088,https://www.vinted.es/items/7259694573-vestido-blanco-mango-talla-xs-usa-2,295210854,True,,
Mango,Dresses,Vestido Mango,M / 38 / 10,Muy bueno,Women,20.0,EUR,2025-10-08T01:41:52.889088,https://www.vinted.es/items/7254431870-vestido-mango,143269433,True,,
Mango,Dresses,Vestido noche mango,M / 38 / 10,Nuevo con etiquetas,Women,16.0,EUR,2025-10-08T01:41:52.889088,https://www.vinted.es/items/7252468617-vestido-noche-mango,285554972,True,,
Mango,Dresses,Vestido tricolor,M / 38 / 10,Nuevo sin etiquetas,Women,10.0,EUR,2025-10-08T01:41:52.889088,https://www.vinted.es/items/7249581841-vestido-tricolor,96308134,True,,
Mango,Dresses,Vestido corto Mango talla M,M / 38 / 10,Muy bueno,Women,5.0,EUR,2025-10-08T01:41:52.889088,https://www.vinted.es/items/7248681135-vestido-corto-mango-talla-m,83044421,True,,
Mango,Dresses,Vestido mini camisero cut out,M / 38 / 10,Muy bueno,Women,10.0,EUR,2025-10-08T01:41:52.889088,https://www.vinted.es/items/7239750863-vestido-mini-camisero-cut-out,145457634,True,,
Mango,Dresses,Mango Dress,S / 36 / 8,Muy bueno,Women,7.0,EUR,2025-10-08T01:41:52.889088,https://www.vinted.es/items/7246303120-mango-dress,232748155,True,,
Mango,Dresses,Vestido Mango,M / 38 / 10,Nuevo sin etiquetas,Women,8.0,EUR,2025-10-08T01:41:52.889088,https://www.vinted.es/items/7246163277-vestido-mango,181890014,True,,
Mango,Dresses,Vestido vintage espalda descubierta,M / 38 / 10,Muy bueno,Women,17.0,EUR,2025-10-08T01:41:52.889088,https://www.vinted.es/items/7256168144-vestido-vintage-espalda-descubierta,25185689,True,,
Mango,Dresses,Vestido,M / 38 / 10,Muy bueno,Women,4.0,EUR,2025-10-08T01:41:52.889088,https://www.vinted.es/items/7246832790-vestido,33605332,True,,
Mango,Dresses,Vestido asim√©trico capa azul,M / 38 / 10,Muy bueno,Women,16.0,EUR,2025-10-08T01:41:52.889088,https://www.vinted.es/items/7259805736-vestido-asimetrico-capa-azul,32896908,True,,
Mango,Dresses,Vestido Mango,S / 36 / 8,Nuevo sin etiquetas,Women,4.0,EUR,2025-10-08T01:41:52.889088,https://www.vinted.es/items/7247493397-vestido-mango,29463150,True,,
Mango,Dresses,Vestido Mango,XS / 34 / 6,Muy bueno,Women,8.0,EUR,2025-10-08T01:41:52.889088,https://www.vinted.es/items/7247402932-vestido-mango,108374632,True,,
Mango,Dresses,Vestido de flores,S / 36 / 8,Muy bueno,Women,3.0,EUR,2025-10-08T01:41:52.889088,https://www.vinted.es/items/7259865550-vestido-de-flores,33706327,True,,
Mango,Dresses,Vestido rayas mostaza,M / 38 / 10,Muy bueno,Women,5.0,EUR,2025-10-08T01:41:52.889088,https://www.vinted.es/items/7247755135-vestido-rayas-mostaza,103125512,True,,
Mango,Dresses,Vestido Mango S,S / 36 / 8,Muy bueno,Women,7.0,EUR,2025-10-08T01:41:52.889088,https://www.vinted.es/items/7256793208-vestido-mango-s,128938184,True,,
Mango,Dresses,vestido morado  de mango talla l,L / 40 / 12,Bueno,Women,3.5,EUR,2025-10-08T01:41:52.889088,https://www.vinted.es/items/7244088998-vestido-morado-de-mango-talla-l,69304776,True,,
Mango,Dresses,Vestidos flores,L / 40 / 12,Nuevo sin etiquetas,Women,8.0,EUR,2025-10-08T01:41:52.889088,https://www.vinted.es/items/7255888674-vestidos-flores,110723943,True,,
Mango,Dresses,Vestido negro nuevo a estrenar de Mango,S / 36 / 8,Nuevo con etiquetas,Women,6.0,EUR,2025-10-08T01:41:52.889088,https://www.vinted.es/items/7253004190-vestido-negro-nuevo-a-estrenar-de-mango,93616295,True,,
Mango,Dresses,Vestido cruzado,S / 36 / 8,Nuevo sin etiquetas,Women,5.0,EUR,2025-10-08T01:41:52.889088,https://www.vinted.es/items/7244890112-vestido-cruzado,40334320,True,,
Mango,Dresses,Vestido negro mango,M / 38 / 10,Nuevo sin etiquetas,Women,10.0,EUR,2025-10-08T01:41:52.889088,https://www.vinted.es/items/7258327066-vestido-negro-mango,62874280,True,,
Mango,Dresses,Vestido Mango,L / 40 / 12,Muy bueno,Women,9.0,EUR,2025-10-08T01:41:52.889088,https://www.vinted.es/items/7252729840-vestido-mango,116710810,True,,
Mango,Dresses,Vestido Mango,M / 38 / 10,Muy bueno,Women,5.0,EUR,2025-10-08T01:41:52.891627,https://www.vinted.es/items/7260583397-vestido-mango,45264487,True,,
Mango,Dresses,Vestido tejano Mango,M / 38 / 10,Muy bueno,Women,5.0,EUR,2025-10-08T01:41:52.891627,https://www.vinted.es/items/7244524987-vestido-tejano-mango,226399374,True,,
Mango,Dresses,Vestido cuadros mango,M / 38 / 10,Nuevo sin etiquetas,Women,5.0,EUR,2025-10-08T01:41:52.891627,https://www.vinted.es/items/7257436465-vestido-cuadros-mango,59541330,True,,
Mango,Dresses,Vestido camisero Mango üíì,L / 40 / 12,Muy bueno,Women,6.0,EUR,2025-10-08T01:41:52.891627,https://www.vinted.es/items/7248915574-vestido-camisero-mango,133835748,True,,
Mango,Dresses,Vestido brillo,M / 38 / 10,Nuevo con etiquetas,Women,5.0,EUR,2025-10-08T01:41:52.891627,https://www.vinted.es/items/7251056738-vestido-brillo,252041088,True,,
Mango,Dresses,Vestido Mango,M / 38 / 10,Nuevo sin etiquetas,Women,10.0,EUR,2025-10-08T01:41:52.891627,https://www.vinted.es/items/7249710108-vestido-mango,42422126,True,,
Mango,Dresses,Vestido camisero de mango (42/44),XL / 42 / 14,Nuevo con etiquetas,Women,10.0,EUR,2025-10-08T01:41:52.891627,https://www.vinted.es/items/7255815183-vestido-camisero-de-mango-4244,34582405,True,,
Mango,Dresses,Vestido largo Mango,XS / 34 / 6,Muy bueno,Women,5.0,EUR,2025-10-08T01:41:52.891627,https://www.vinted.es/items/7235315738-vestido-largo-mango,182197880,True,,
Mango,Dresses,Vestido Mango,XS / 34 / 6,Nuevo con etiquetas,Women,7.0,EUR,2025-10-08T01:41:52.891627,https://www.vinted.es/items/7259804441-vestido-mango,32525905,True,,
Mango,Dresses,Vestido Mango,XXS / 32 / 4,Nuevo sin etiquetas,Women,5.0,EUR,2025-10-08T01:41:52.891627,https://www.vinted.es/items/7247587430-vestido-mango,52565654,True,,
Nike,Sneakers,Nike Dunk color panda en caja 43,43,Nuevo sin etiquetas,Men,28.0,EUR,2025-10-08T01:41:59.225733,https://www.vinted.es/items/7261950365-nike-dunk-color-panda-en-caja-43,295279070,True,,
Nike,Sneakers,zapatillas de baloncesto dunk,43,Nuevo con etiquetas,Men,50.0,EUR,2025-10-08T01:41:59.225733,https://www.vinted.es/items/7256661277-zapatillas-de-baloncesto-dunk,295140806,True,,
Nike,Sneakers,Nike dunk gris 42.5,"42,5",Muy bueno,Men,22.0,EUR,2025-10-08T01:41:59.225733,https://www.vinted.es/items/7260368853-nike-dunk-gris-425,271160749,True,,
Nike,Sneakers,Nike Dunk color panda en caja 40,40,Nuevo sin etiquetas,Men,28.0,EUR,2025-10-08T01:41:59.225733,https://www.vinted.es/items/7260406693-nike-dunk-color-panda-en-caja-40,295232472,True,,
Nike,Sneakers,Nike dunk azules,42,Nuevo sin etiquetas,Men,30.0,EUR,2025-10-08T01:41:59.225733,https://www.vinted.es/items/7255090453-nike-dunk-azules,220456201,True,,
Nike,Sneakers,Nike shox tl full white,44,Nuevo sin etiquetas,Men,65.0,EUR,2025-10-08T01:41:59.225733,https://www.vinted.es/items/7260573421-nike-shox-tl-full-white,157248848,True,,
Nike,Sneakers,Nike Dunk color panda en caja 39,39,Nuevo sin etiquetas,Men,28.0,EUR,2025-10-08T01:41:59.225733,https://www.vinted.es/items/7258823050-nike-dunk-color-panda-en-caja-39,295193083,True,,
Nike,Sneakers,Nike TN negra y gris 45,45,Nuevo sin etiquetas,Men,45.0,EUR,2025-10-08T01:41:59.225733,https://www.vinted.es/items/7261465997-nike-tn-negra-y-gris-45,288848034,True,,
Nike,Sneakers,Nike Dunk color panda en caja 42,42,Nuevo sin etiquetas,Men,28.0,EUR,2025-10-08T01:41:59.225733,https://www.vinted.es/items/7259723444-nike-dunk-color-panda-en-caja-42,295215687,True,,
Nike,Sneakers,Nike Air force 1 blancas,43,Nuevo sin etiquetas,Men,28.0,EUR,2025-10-08T01:41:59.225733,https://www.vinted.es/items/7262286714-nike-air-force-1-blancas,106372996,True,,
Nike,Sneakers,Nike hot step 2 Drake nocta talla 45 blancas,45,Nuevo sin etiquetas,Men,65.0,EUR,2025-10-08T01:41:59.225733,https://www.vinted.es/items/7250654323-nike-hot-step-2-drake-nocta-talla-45-blancas,293047113,True,,
Nike,Sneakers,Nike Tn 43 Boire Blanc,43,Nuevo con etiquetas,Men,52.0,EUR,2025-10-08T01:41:59.225733,https://www.vinted.es/items/7256721517-nike-tn-43-boire-blanc,268599972,True,,
Nike,Sneakers,Nike Dunk color panda en caja 42,42,Nuevo sin etiquetas,Men,28.0,EUR,2025-10-08T01:41:59.225733,https://www.vinted.es/items/7260903411-nike-dunk-color-panda-en-caja-42,295246265,True,,
Nike,Sneakers,Nike Air Force 1,44,Nuevo sin etiquetas,Men,55.0,EUR,2025-10-08T01:41:59.225733,https://www.vinted.es/items/7257587861-nike-air-force-1,290804261,True,,
Nike,Sneakers,Nike Air Force 1,43,Nuevo con etiquetas,Men,50.0,EUR,2025-10-08T01:41:59.225733,https://www.vinted.es/items/7261581670-nike-air-force-1,122782894,True,,
Nike,Sneakers,Zapatillas Nike,43,Nuevo con etiquetas,Men,54.0,EUR,2025-10-08T01:41:59.225733,https://www.vinted.es/items/7261869003-zapatillas-nike,286143205,True,,
Nike,Sneakers,Nike Ebernon Low Talla 41,41,Muy bueno,Men,20.0,EUR,2025-10-08T01:41:59.225733,https://www.vinted.es/items/7259700101-nike-ebernon-low-talla-41,144499891,True,,
Nike,Sneakers,Zapstillas negras y blancas Nike,"47,5",Nuevo con etiquetas,Men,37.0,EUR,2025-10-08T01:41:59.225733,https://www.vinted.es/items/7262092156-zapstillas-negras-y-blancas-nike,32076340,True,,
Nike,Sneakers,Nike Air Force 1 White,44,Nuevo sin etiquetas,Men,55.0,EUR,2025-10-08T01:41:59.225733,https://www.vinted.es/items/7260609197-nike-air-force-1-white,283257348,True,,
Nike,Sneakers,Nike Dunk color panda en caja 42,42,Nuevo sin etiquetas,Men,28.0,EUR,2025-10-08T01:41:59.225733,https://www.vinted.es/items/7261945274-nike-dunk-color-panda-en-caja-42,295279070,True,,
Nike,Sneakers,Nike Dunk color panda en caja 40,40,Nuevo sin etiquetas,Men,28.0,EUR,2025-10-08T01:41:59.225733,https://www.vinted.es/items/7257021457-nike-dunk-color-panda-en-caja-40,295143480,True,,
Nike,Sneakers,Nike Air force 1 blancas talla 45,45,Nuevo con etiquetas,Men,45.0,EUR,2025-10-08T01:41:59.225733,https://www.vinted.es/items/7262148118-nike-air-force-1-blancas-talla-45,257424301,True,,
Nike,Sneakers,Zapatillas Nike,"47,5",Nuevo con etiquetas,Men,40.0,EUR,2025-10-08T01:41:59.225733,https://www.vinted.es/items/7261687737-zapatillas-nike,223467155,True,,
Nike,Sneakers,Zapatillas Nike Air Peg 2k5,"48,5",Nuevo con etiquetas,Men,39.0,EUR,2025-10-08T01:41:59.234669,https://www.vinted.es/items/7259018907-zapatillas-nike-air-peg-2k5,256407880,True,,
Nike,Sneakers,Nike Air force 1 talla 44,44,Nuevo con etiquetas,Men,45.0,EUR,2025-10-08T01:41:59.234669,https://www.vinted.es/items/7262137869-nike-air-force-1-talla-44,257424301,True,,
Nike,Sneakers,Nike Dunk color panda en caja 39,39,Nuevo sin etiquetas,Men,28.0,EUR,2025-10-08T01:41:59.234669,https://www.vinted.es/items/7260666192-nike-dunk-color-panda-en-caja-39,295239224,True,,
Nike,Sneakers,Nike Dunk color panda en caja 42,42,Nuevo sin etiquetas,Men,28.0,EUR,2025-10-08T01:41:59.235124,https://www.vinted.es/items/7257640073-nike-dunk-color-panda-en-caja-42,295164879,True,,
Nike,Sneakers,zapatos nike court vision,43,Nuevo sin etiquetas,Men,30.0,EUR,2025-10-08T01:41:59.235124,https://www.vinted.es/items/7257400668-zapatos-nike-court-vision,133138815,True,,
Nike,Sneakers,Nike Dunk color panda en caja 39,39,Nuevo sin etiquetas,Men,28.0,EUR,2025-10-08T01:41:59.235124,https://www.vinted.es/items/7260156577-nike-dunk-color-panda-en-caja-39,295226085,True,,
Nike,Sneakers,zapatillas de baloncesto dunk,41,Nuevo con etiquetas,Men,50.0,EUR,2025-10-08T01:41:59.235124,https://www.vinted.es/items/7256528599-zapatillas-de-baloncesto-dunk,295138124,True,,
Nike,Sneakers,Nike Dunk color panda en caja 39,39,Nuevo sin etiquetas,Men,28.0,EUR,2025-10-08T01:41:59.235124,https://www.vinted.es/items/7258452607-nike-dunk-color-panda-en-caja-39,295184349,True,,
Nike,Sneakers,Nike Cortez VNTG,43,Nuevo con etiquetas,Men,70.0,EUR,2025-10-08T01:41:59.235124,https://www.vinted.es/items/7260626875-nike-cortez-vntg,290921995,True,,
Nike,Sneakers,Zapatillas Nike Dunk Low Lx 44,44,Nuevo con etiquetas,Men,45.0,EUR,2025-10-08T01:41:59.235124,https://www.vinted.es/items/7260561486-zapatillas-nike-dunk-low-lx-44,205653966,True,,
Nike,Sneakers,zapatillas de baloncesto supreme,42,Nuevo con etiquetas,Men,46.0,EUR,2025-10-08T01:41:59.235124,https://www.vinted.es/items/7258446688-zapatillas-de-baloncesto-supreme,295184178,True,,
Nike,Sneakers,Nike Shox TL White 41,41,Nuevo con etiquetas,Men,60.0,EUR,2025-10-08T01:41:59.235124,https://www.vinted.es/items/7261643709-nike-shox-tl-white-41,79529247,True,,
Nike,Sneakers,nike hot step 2 Drake nocta talla 45 negros,45,Nuevo sin etiquetas,Men,65.0,EUR,2025-10-08T01:41:59.236376,https://www.vinted.es/items/7254716947-nike-hot-step-2-drake-nocta-talla-45-negros,293047113,True,,
Nike,Sneakers,Zapatillas Nike Air Force 1,38,Nuevo con etiquetas,Men,50.0,EUR,2025-10-08T01:41:59.236376,https://www.vinted.es/items/7258548466-zapatillas-nike-air-force-1,223588550,True,,
Nike,Sneakers,Zapatillas,44,Nuevo sin etiquetas,Men,45.0,EUR,2025-10-08T01:41:59.236376,https://www.vinted.es/items/7252164894-zapatillas,248581438,True,,
Nike,Sneakers,Zapatillas de baloncesto nike supreme,45,Nuevo sin etiquetas,Men,45.0,EUR,2025-10-08T01:41:59.236376,https://www.vinted.es/items/7261798488-zapatillas-de-baloncesto-nike-supreme,295273451,True,,
Nike,Sneakers,Nike Tn blanc white 42,42,Nuevo con etiquetas,Men,52.0,EUR,2025-10-08T01:41:59.236376,https://www.vinted.es/items/7256814473-nike-tn-blanc-white-42,266988850,True,,
Nike,Sneakers,zapatillas de baloncesto dunk,43,Nuevo con etiquetas,Men,50.0,EUR,2025-10-08T01:41:59.236376,https://www.vinted.es/items/7256671578-zapatillas-de-baloncesto-dunk,295139154,True,,
Nike,Sneakers,Nike Dunk color panda en caja 41,41,Nuevo sin etiquetas,Men,28.0,EUR,2025-10-08T01:41:59.236376,https://www.vinted.es/items/7257632127-nike-dunk-color-panda-en-caja-41,295164879,True,,
Nike,Sneakers,zapatillas nike shox tl,43,Nuevo con etiquetas,Men,69.99,EUR,2025-10-08T01:41:59.236376,https://www.vinted.es/items/7254599530-zapatillas-nike-shox-tl,141621689,True,,
Nike,Sneakers,Zapatillas de baloncesto nike supreme,44,Nuevo sin etiquetas,Men,45.0,EUR,2025-10-08T01:41:59.236376,https://www.vinted.es/items/7261635894-zapatillas-de-baloncesto-nike-supreme,295268634,True,,
Nike,Sneakers,Shox tl talla 41,41,Nuevo con etiquetas,Men,68.0,EUR,2025-10-08T01:41:59.236376,https://www.vinted.es/items/7262316544-shox-tl-talla-41,273405188,True,,
Nike,Sneakers,Zapatillas nike,44,Muy bueno,Men,10.0,EUR,2025-10-08T01:41:59.236376,https://www.vinted.es/items/7259733611-zapatillas-nike,142442350,True,,
Nike,Sneakers,Nike Shox,42,Nuevo sin etiquetas,Men,70.0,EUR,2025-10-08T01:41:59.236376,https://www.vinted.es/items/7261994751-nike-shox,136077573,True,,
Nike,Sneakers,Nike airmax 95 corteiz rosa,"44,5",Muy bueno,Men,45.0,EUR,2025-10-08T01:41:59.236376,https://www.vinted.es/items/7256913798-nike-airmax-95-corteiz-rosa,244140385,True,,
Nike,Sneakers,Nike tn,39,Nuevo sin etiquetas,Men,29.0,EUR,2025-10-08T01:41:59.237376,https://www.vinted.es/items/7254430120-nike-tn,28150610,True,,
Nike,Sneakers,Zapatillas Nike lunar roam,"45,5",Nuevo con etiquetas,Men,39.0,EUR,2025-10-08T01:41:59.237376,https://www.vinted.es/items/7259040549-zapatillas-nike-lunar-roam,256407880,True,,
Nike,Sneakers,Nike Shock TL,42,Nuevo con etiquetas,Men,75.0,EUR,2025-10-08T01:41:59.237376,https://www.vinted.es/items/7260109382-nike-shock-tl,256698743,True,,
Nike,Sneakers,Zapatillas Nike Tn Negras,40,Nuevo con etiquetas,Men,49.0,EUR,2025-10-08T01:41:59.237376,https://www.vinted.es/items/7252315786-zapatillas-nike-tn-negras,234023687,True,,
Nike,Sneakers,Zapatillas nike,42,Nuevo con etiquetas,Men,65.0,EUR,2025-10-08T01:41:59.237376,https://www.vinted.es/items/7262326356-zapatillas-nike,243061109,True,,
Nike,Sneakers,Nike Dunk color panda en caja 40,40,Nuevo sin etiquetas,Men,28.0,EUR,2025-10-08T01:41:59.237376,https://www.vinted.es/items/7258832115-nike-dunk-color-panda-en-caja-40,295193083,True,,
Nike,Sneakers,AirMax 95,"43,5",Nuevo con etiquetas,Men,55.0,EUR,2025-10-08T01:41:59.237376,https://www.vinted.es/items/7262222990-airmax-95,233217984,True,,
Nike,Sneakers,Zapatos Nike Blazer,42,Muy bueno,Men,28.0,EUR,2025-10-08T01:41:59.237376,https://www.vinted.es/items/7259718347-zapatos-nike-blazer,128570146,True,,
Nike,Sneakers,P-6000)+,43,Nuevo con etiquetas,Men,68.6,EUR,2025-10-08T01:41:59.237376,https://www.vinted.es/items/7250960500-p-6000,289473514,True,,
Nike,Sneakers,Nike Dunk color panda en caja 38,38,Nuevo sin etiquetas,Men,28.0,EUR,2025-10-08T01:41:59.237376,https://www.vinted.es/items/7260658324-nike-dunk-color-panda-en-caja-38,295239224,True,,
Nike,Sneakers,Nike Dunk color panda en caja 42,42,Nuevo sin etiquetas,Men,28.0,EUR,2025-10-08T01:41:59.238378,https://www.vinted.es/items/7260193219-nike-dunk-color-panda-en-caja-42,295226085,True,,
Nike,Sneakers,Nike Court Shot Blanco/Rojo - Size 42,42,Nuevo con etiquetas,Men,55.0,EUR,2025-10-08T01:41:59.238378,https://www.vinted.es/items/7261695176-nike-court-shot-blancorojo-size-42,78698955,True,,
Nike,Sneakers,Nike hombre,"48,5",Nuevo con etiquetas,Men,51.0,EUR,2025-10-08T01:41:59.238378,https://www.vinted.es/items/7243889264-nike-hombre,113185309,True,,
Nike,Sneakers,zapatillas Nike Air Force 1 blanco y rojo,43,Nuevo con etiquetas,Men,65.0,EUR,2025-10-08T01:41:59.238378,https://www.vinted.es/items/7251163353-zapatillas-nike-air-force-1-blanco-y-rojo,287052953,True,,
Nike,Sneakers,Nike Zoom Vomero 5 Vast,41,Nuevo con etiquetas,Men,65.0,EUR,2025-10-08T01:41:59.238378,https://www.vinted.es/items/7258936117-nike-zoom-vomero-5-vast,295194744,True,,
Nike,Sneakers,Nike TN 44,44,Nuevo sin etiquetas,Men,45.0,EUR,2025-10-08T01:41:59.238943,https://www.vinted.es/items/7257142605-nike-tn-44,143257675,True,,
Nike,Sneakers,Nike Airmax nuevas,43,Nuevo con etiquetas,Men,54.0,EUR,2025-10-08T01:41:59.238943,https://www.vinted.es/items/7261292466-nike-airmax-nuevas,295249196,True,,
Nike,Sneakers,Nike Dunk Low The Powerpuff Girls Blossom Pink Rosa,43,Nuevo con etiquetas,Men,65.0,EUR,2025-10-08T01:41:59.238943,https://www.vinted.es/items/7257712768-nike-dunk-low-the-powerpuff-girls-blossom-pink-rosa,288802869,True,,
Nike,Sneakers,Nike Stefan Janoski,44,Muy bueno,Men,25.0,EUR,2025-10-08T01:41:59.238943,https://www.vinted.es/items/7252869430-nike-stefan-janoski,166576185,True,,
Nike,Sneakers,Zapatillas Nike,40,Muy bueno,Men,15.0,EUR,2025-10-08T01:41:59.238943,https://www.vinted.es/items/7254523134-zapatillas-nike,260322832,True,,
Nike,Sneakers,Nike Vomero 5,44,Muy bueno,Men,50.0,EUR,2025-10-08T01:41:59.238943,https://www.vinted.es/items/7259401801-nike-vomero-5,64956296,True,,
Nike,Sneakers,nike air force 1 AF1,41,Nuevo sin etiquetas,Men,20.0,EUR,2025-10-08T01:41:59.238943,https://www.vinted.es/items/7262315069-nike-air-force-1-af1,165525060,True,,
Nike,Sneakers,AIRMAX 95,40,Nuevo sin etiquetas,Men,36.0,EUR,2025-10-08T01:41:59.238943,https://www.vinted.es/items/7245660644-airmax-95,263551051,True,,
Nike,Sneakers,Nike Dunk color panda en caja 38,38,Nuevo sin etiquetas,Men,28.0,EUR,2025-10-08T01:41:59.238943,https://www.vinted.es/items/7260283125-nike-dunk-color-panda-en-caja-38,295229342,True,,
Nike,Sneakers,Nike Zoom Vomero 5 Vast,42,Nuevo con etiquetas,Men,65.0,EUR,2025-10-08T01:41:59.238943,https://www.vinted.es/items/7259546866-nike-zoom-vomero-5-vast,295209515,True,,
Nike,Sneakers,Zapatillas Nike,43,Nuevo con etiquetas,Men,49.99,EUR,2025-10-08T01:41:59.238943,https://www.vinted.es/items/7260055261-zapatillas-nike,289245511,True,,
Nike,Sneakers,Nike cortez,40,Muy bueno,Men,9.0,EUR,2025-10-08T01:41:59.238943,https://www.vinted.es/items/7260846627-nike-cortez,294958938,True,,
Nike,Sneakers,Nike SHOX,39,Nuevo sin etiquetas,Men,75.0,EUR,2025-10-08T01:41:59.238943,https://www.vinted.es/items/7255835002-nike-shox,233081250,True,,
Nike,Sneakers,Nike Shox tl,"42,5",Muy bueno,Men,45.0,EUR,2025-10-08T01:41:59.238943,https://www.vinted.es/items/7262398725-nike-shox-tl,25512393,True,,
Nike,Sneakers,Nike Dunk color panda en caja 39,39,Nuevo sin etiquetas,Men,28.0,EUR,2025-10-08T01:41:59.238943,https://www.vinted.es/items/7258017467-nike-dunk-color-panda-en-caja-39,295174696,True,,
Nike,Sneakers,Playeros Nike Air Max 95,38,Nuevo sin etiquetas,Men,50.0,EUR,2025-10-08T01:41:59.238943,https://www.vinted.es/items/7257890281-playeros-nike-air-max-95,74472271,True,,
Nike,Sneakers,Deportivas Air Max 95,41,Nuevo con etiquetas,Men,60.0,EUR,2025-10-08T01:41:59.238943,https://www.vinted.es/items/7252970219-deportivas-air-max-95,26449780,True,,
Nike,Sneakers,Nike shox TL negras talla 43,43,Nuevo sin etiquetas,Men,64.3,EUR,2025-10-08T01:41:59.238943,https://www.vinted.es/items/7253731549-nike-shox-tl-negras-talla-43,287555562,True,,
Nike,Sneakers,Nike Air Jordan,45,Muy bueno,Men,20.0,EUR,2025-10-08T01:41:59.238943,https://www.vinted.es/items/7258007497-nike-air-jordan,28355301,True,,
Nike,Sneakers,Nike P-6000,43,Nuevo con etiquetas,Men,65.0,EUR,2025-10-08T01:41:59.238943,https://www.vinted.es/items/7250770045-nike-p-6000,38754604,True,,
Nike,Sneakers,Zapatillas Nike completamente nuevas y originales,"45,5",Nuevo con etiquetas,Men,44.0,EUR,2025-10-08T01:41:59.240949,https://www.vinted.es/items/7254747453-zapatillas-nike-completamente-nuevas-y-originales,266605438,True,,
Nike,Sneakers,Botas Nike Manoa,40,Nuevo sin etiquetas,Men,29.0,EUR,2025-10-08T01:41:59.240949,https://www.vinted.es/items/7246192880-botas-nike-manoa,186985275,True,,
Nike,Sneakers,Nike Air Force 1 White,45,Nuevo sin etiquetas,Men,55.0,EUR,2025-10-08T01:41:59.240949,https://www.vinted.es/items/7260512486-nike-air-force-1-white,285869749,True,,
Nike,Sneakers,Nike Zoom Vomero 5,43,Nuevo con etiquetas,Men,70.0,EUR,2025-10-08T01:41:59.240949,https://www.vinted.es/items/7260705887-nike-zoom-vomero-5,27966745,True,,
Nike,Sneakers,NIke Zoom Vomero 5,44,Nuevo sin etiquetas,Men,40.0,EUR,2025-10-08T01:41:59.240949,https://www.vinted.es/items/7249924494-nike-zoom-vomero-5,31330976,True,,
Nike,Sneakers,Nike Tn Dustiy,41,Nuevo sin etiquetas,Men,69.99,EUR,2025-10-08T01:41:59.240949,https://www.vinted.es/items/7260931386-nike-tn-dustiy,285070949,True,,
Nike,Sneakers,Nike Shox TL,40,Muy bueno,Men,60.0,EUR,2025-10-08T01:41:59.240949,https://www.vinted.es/items/7258671293-nike-shox-tl,43308391,True,,
Nike,Sneakers,Nike vomero 5,42,Nuevo sin etiquetas,Men,35.0,EUR,2025-10-08T01:41:59.240949,https://www.vinted.es/items/7253293733-nike-vomero-5,277527302,True,,
Nike,Sneakers,Zapatillas,43,Nuevo sin etiquetas,Men,45.0,EUR,2025-10-08T01:41:59.240949,https://www.vinted.es/items/7260916700-zapatillas,248581438,True,,
Nike,Sneakers,Nike Air Max 95,43,Nuevo con etiquetas,Men,75.0,EUR,2025-10-08T01:41:59.240949,https://www.vinted.es/items/7259560581-nike-air-max-95,163943281,True,,
Nike,Sneakers,zapatillaa nike,43,Muy bueno,Men,17.0,EUR,2025-10-08T01:41:59.240949,https://www.vinted.es/items/7228237284-zapatillaa-nike,284612509,True,,
Nike,Sneakers,Nike airmax 95,43,Nuevo sin etiquetas,Men,70.0,EUR,2025-10-08T01:41:59.240949,https://www.vinted.es/items/7250864284-nike-airmax-95,166447787,True,,
Nike,Sneakers,Nike Zoom Vomero 5 Vast,43,Nuevo con etiquetas,Men,65.0,EUR,2025-10-08T01:41:59.240949,https://www.vinted.es/items/7258619392-nike-zoom-vomero-5-vast,295188418,True,,
H&M,T-shirt,Camiseta de manga corta HyM B√°sica Verde oscuro Talla M,M,Nuevo sin etiquetas,Men,4.8,EUR,2025-10-08T01:42:05.435825,https://www.vinted.es/items/7218082155-camiseta-de-manga-corta-hym-basica-verde-oscuro-talla-m,222789615,True,,
H&M,T-shirt,Camiseta de rayas rojas y blancas de H&M,M,Nuevo sin etiquetas,Men,5.0,EUR,2025-10-08T01:42:05.435825,https://www.vinted.es/items/7133889036-camiseta-de-rayas-rojas-y-blancas-de-hm,76449883,True,,
H&M,T-shirt,Camiseta,XL,Nuevo sin etiquetas,Men,2.0,EUR,2025-10-08T01:42:05.435825,https://www.vinted.es/items/7195925073-camiseta,23432084,True,,
H&M,T-shirt,Camiseta burdeos H&M,M,Nuevo con etiquetas,Men,8.0,EUR,2025-10-08T01:42:05.435825,https://www.vinted.es/items/7239846231-camiseta-burdeos-hm,39220708,True,,
H&M,T-shirt,Camiseta Violadores del verso,M,Bueno,Men,8.0,EUR,2025-10-08T01:42:05.435825,https://www.vinted.es/items/7137067832-camiseta-violadores-del-verso,64813289,True,,
H&M,T-shirt,Camiseta Boxy Fit H&M,S,Nuevo sin etiquetas,Men,6.0,EUR,2025-10-08T01:42:05.435825,https://www.vinted.es/items/7226691985-camiseta-boxy-fit-hm,94823913,True,,
H&M,T-shirt,"Roze H&M-print T-shirt, maat M",M,Muy bueno,Men,8.0,EUR,2025-10-08T01:42:05.435825,https://www.vinted.es/items/7254004168-roze-hm-print-t-shirt-maat-m,294000291,True,,
H&M,T-shirt,Camiseta blanca larga dise√±o Elmo. L.,L,Muy bueno,Men,2.0,EUR,2025-10-08T01:42:05.435825,https://www.vinted.es/items/7260624962-camiseta-blanca-larga-diseno-elmo-l,103608783,True,,
H&M,T-shirt,"Polo hombre manga corta, sin estrenar",L,Nuevo sin etiquetas,Men,6.0,EUR,2025-10-08T01:42:05.435825,https://www.vinted.es/items/7207709797-polo-hombre-manga-corta-sin-estrenar,40652366,True,,
H&M,T-shirt,Camiseta Ariana grande HyM,L,Muy bueno,Men,15.0,EUR,2025-10-08T01:42:05.435825,https://www.vinted.es/items/7235089751-camiseta-ariana-grande-hym,246276343,True,,
H&M,T-shirt,Camiseta Metallica oversize,L,Muy bueno,Men,5.0,EUR,2025-10-08T01:42:05.435825,https://www.vinted.es/items/7255159673-camiseta-metallica-oversize,55998707,True,,
H&M,T-shirt,Camiseta rayas rojas y blancas,L,Muy bueno,Men,4.5,EUR,2025-10-08T01:42:05.435825,https://www.vinted.es/items/7254942288-camiseta-rayas-rojas-y-blancas,103966922,True,,
H&M,T-shirt,Camiseta azul hym,L,Muy bueno,Men,1.5,EUR,2025-10-08T01:42:05.435825,https://www.vinted.es/items/7232759631-camiseta-azul-hym,83484712,True,,
H&M,T-shirt,Camiseta con estampado,XS,Nuevo con etiquetas,Men,7.5,EUR,2025-10-08T01:42:05.438527,https://www.vinted.es/items/7150719751-camiseta-con-estampado,39142829,True,,
H&M,T-shirt,Camiseta H&M,XL,Nuevo sin etiquetas,Men,2.0,EUR,2025-10-08T01:42:05.438527,https://www.vinted.es/items/7175604042-camiseta-hm,267777373,True,,
H&M,T-shirt,Jersey H&M,M,Bueno,Men,2.5,EUR,2025-10-08T01:42:05.438527,https://www.vinted.es/items/6274296668-jersey-hm,25992662,True,,
H&M,T-shirt,Camiseta de chico H&M,S,Muy bueno,Men,3.0,EUR,2025-10-08T01:42:05.438527,https://www.vinted.es/items/7198111857-camiseta-de-chico-hm,104770068,True,,
H&M,T-shirt,Camiseta,M,Nuevo sin etiquetas,Men,3.0,EUR,2025-10-08T01:42:05.438527,https://www.vinted.es/items/7247891960-camiseta,31291934,True,,
H&M,T-shirt,Camiseta manga larga,M,Nuevo sin etiquetas,Men,2.5,EUR,2025-10-08T01:42:05.438527,https://www.vinted.es/items/7233618044-camiseta-manga-larga,34755481,True,,
H&M,T-shirt,Camiseta verde b√°sica H&M,S,Nuevo sin etiquetas,Men,3.0,EUR,2025-10-08T01:42:05.438527,https://www.vinted.es/items/7242131131-camiseta-verde-basica-hm,285285666,True,,
H&M,T-shirt,Camiseta,M,Muy bueno,Men,2.0,EUR,2025-10-08T01:42:05.438527,https://www.vinted.es/items/7145141361-camiseta,57544435,True,,
H&M,T-shirt,Camiseta H&M,S,Muy bueno,Men,8.0,EUR,2025-10-08T01:42:05.438527,https://www.vinted.es/items/7211771166-camiseta-hm,84251808,True,,
H&M,T-shirt,Camisetas de algodon,XS,Nuevo sin etiquetas,Men,6.0,EUR,2025-10-08T01:42:05.438527,https://www.vinted.es/items/7221306249-camisetas-de-algodon,27816889,True,,
H&M,T-shirt,Camiseta oversized,S,Nuevo sin etiquetas,Men,3.0,EUR,2025-10-08T01:42:05.438527,https://www.vinted.es/items/7239136223-camiseta-oversized,238576796,True,,
H&M,T-shirt,Camsieta basica negra,L,Bueno,Men,2.0,EUR,2025-10-08T01:42:05.439535,https://www.vinted.es/items/7245841703-camsieta-basica-negra,34738078,True,,
H&M,T-shirt,HyM x Disney Nuevo,M,Nuevo con etiquetas,Men,5.0,EUR,2025-10-08T01:42:05.439535,https://www.vinted.es/items/7167499650-hym-x-disney-nuevo,150037655,True,,
H&M,T-shirt,camiseta lisa verde H&M,M,Bueno,Men,3.0,EUR,2025-10-08T01:42:05.439535,https://www.vinted.es/items/7256690863-camiseta-lisa-verde-hm,184264276,True,,
H&M,T-shirt,pack sudaderas de hombre,XS,Muy bueno,Men,6.0,EUR,2025-10-08T01:42:05.439535,https://www.vinted.es/items/7151594457-pack-sudaderas-de-hombre,287057962,True,,
H&M,T-shirt,Camiseta HYM,M,Muy bueno,Men,6.0,EUR,2025-10-08T01:42:05.439535,https://www.vinted.es/items/7058749506-camiseta-hym,31388072,True,,
H&M,T-shirt,Camiseta oversize H&M,L,Nuevo sin etiquetas,Men,3.0,EUR,2025-10-08T01:42:05.439535,https://www.vinted.es/items/7082689545-camiseta-oversize-hm,31416574,True,,
H&M,T-shirt,Camisa tipo polo H&M,L,Muy bueno,Men,5.0,EUR,2025-10-08T01:42:05.439535,https://www.vinted.es/items/7246846346-camisa-tipo-polo-hm,31603901,True,,
H&M,T-shirt,Polo H&M Negro talla L,L,Muy bueno,Men,2.0,EUR,2025-10-08T01:42:05.439535,https://www.vinted.es/items/7189940699-polo-hm-negro-talla-l,52921148,True,,
H&M,T-shirt,Camiseta manga larga blanca H&M,M,Nuevo sin etiquetas,Men,10.0,EUR,2025-10-08T01:42:05.439535,https://www.vinted.es/items/7199940590-camiseta-manga-larga-blanca-hm,72199151,True,,
H&M,T-shirt,Camiseta H&M Garfield,M,Muy bueno,Men,3.0,EUR,2025-10-08T01:42:05.439535,https://www.vinted.es/items/7239010687-camiseta-hm-garfield,55510064,True,,
H&M,T-shirt,Camiseta nueva de algod√≥n,S,Nuevo sin etiquetas,Men,3.0,EUR,2025-10-08T01:42:05.439535,https://www.vinted.es/items/6751775234-camiseta-nueva-de-algodon,25890437,True,,
H&M,T-shirt,Polo de manga corta hombre talla S,S,Muy bueno,Men,3.0,EUR,2025-10-08T01:42:05.440533,https://www.vinted.es/items/7222416742-polo-de-manga-corta-hombre-talla-s,150688875,True,,
H&M,T-shirt,Camiseta blanca con dise√±o,S,Muy bueno,Men,4.5,EUR,2025-10-08T01:42:05.440533,https://www.vinted.es/items/7261088443-camiseta-blanca-con-diseno,76560636,True,,
H&M,T-shirt,Camiseta manga larga,S,Muy bueno,Men,6.0,EUR,2025-10-08T01:42:05.440533,https://www.vinted.es/items/6380078090-camiseta-manga-larga,211205796,True,,
H&M,T-shirt,Camiseta b√°sica negra de hombre,M,Muy bueno,Men,2.0,EUR,2025-10-08T01:42:05.440533,https://www.vinted.es/items/7238607989-camiseta-basica-negra-de-hombre,118310615,True,,
H&M,T-shirt,Camiseta,XL,Muy bueno,Men,3.5,EUR,2025-10-08T01:42:05.440533,https://www.vinted.es/items/7204038395-camiseta,53553926,True,,
H&M,T-shirt,Camiseta manga larga H&M talla L,L,Nuevo con etiquetas,Men,4.0,EUR,2025-10-08T01:42:05.440533,https://www.vinted.es/items/6378697484-camiseta-manga-larga-hm-talla-l,28052586,True,,
H&M,T-shirt,Camiseta H&M,M,Nuevo con etiquetas,Men,3.0,EUR,2025-10-08T01:42:05.440533,https://www.vinted.es/items/7178105800-camiseta-hm,167868638,True,,
H&M,T-shirt,Camiseta rayas H&M,XS,Muy bueno,Men,2.5,EUR,2025-10-08T01:42:05.440533,https://www.vinted.es/items/6954128760-camiseta-rayas-hm,184524072,True,,
H&M,T-shirt,camiseta manga larga,M,Muy bueno,Men,2.0,EUR,2025-10-08T01:42:05.440533,https://www.vinted.es/items/6621852384-camiseta-manga-larga,72436376,True,,
H&M,T-shirt,Camiseta verde oliva,L,Muy bueno,Men,6.0,EUR,2025-10-08T01:42:05.440533,https://www.vinted.es/items/7238095178-camiseta-verde-oliva,294622955,True,,
H&M,T-shirt,Camiseta ‚ÄúOversize‚Äù - H&M,M,Muy bueno,Men,7.0,EUR,2025-10-08T01:42:05.440533,https://www.vinted.es/items/7253567673-camiseta-oversize-hm,292924803,True,,
H&M,T-shirt,Camisetas manga larga,M,Bueno,Men,2.5,EUR,2025-10-08T01:42:05.440533,https://www.vinted.es/items/7235076326-camisetas-manga-larga,117316170,True,,
H&M,T-shirt,Camiseta estampada con peces.,M,Bueno,Men,5.0,EUR,2025-10-08T01:42:05.440533,https://www.vinted.es/items/7115093205-camiseta-estampada-con-peces,72288219,True,,
H&M,T-shirt,Pack 15 Camisetas Talla L / XL,XL,Bueno,Men,4.0,EUR,2025-10-08T01:42:05.441533,https://www.vinted.es/items/7262055940-pack-15-camisetas-talla-l-xl,51800939,True,,
H&M,T-shirt,Camiseta b√°sica algod√≥n,S,Nuevo sin etiquetas,Men,1.0,EUR,2025-10-08T01:42:05.441533,https://www.vinted.es/items/6064308364-camiseta-basica-algodon,84828398,True,,
H&M,T-shirt,Camiseta,M,Muy bueno,Men,3.0,EUR,2025-10-08T01:42:05.441533,https://www.vinted.es/items/7240031606-camiseta,287961173,True,,
H&M,T-shirt,Camiseta rosa de H&M regular fit,M,Nuevo con etiquetas,Men,3.0,EUR,2025-10-08T01:42:05.441533,https://www.vinted.es/items/7225780301-camiseta-rosa-de-hm-regular-fit,21183808,True,,
H&M,T-shirt,Camiseta limones H&M XL,XL,Nuevo sin etiquetas,Men,5.0,EUR,2025-10-08T01:42:05.441533,https://www.vinted.es/items/7235362516-camiseta-limones-hm-xl,132294393,True,,
H&M,T-shirt,"Camiseta hombre gym, gruesa",L,Nuevo sin etiquetas,Men,6.0,EUR,2025-10-08T01:42:05.441533,https://www.vinted.es/items/7237003737-camiseta-hombre-gym-gruesa,21271448,True,,
H&M,T-shirt,Camiseta Blanca H&M,S,Bueno,Men,5.0,EUR,2025-10-08T01:42:05.441533,https://www.vinted.es/items/7252453691-camiseta-blanca-hm,258157459,True,,
H&M,T-shirt,Camiseta H&M,XL,Nuevo sin etiquetas,Men,6.0,EUR,2025-10-08T01:42:05.441533,https://www.vinted.es/items/7246001231-camiseta-hm,85127326,True,,
H&M,T-shirt,Camiseta H&M Peanuts,M,Muy bueno,Men,4.0,EUR,2025-10-08T01:42:05.441533,https://www.vinted.es/items/7121535365-camiseta-hm-peanuts,184189415,True,,
H&M,T-shirt,Camiseta manga larga,S,Muy bueno,Men,3.5,EUR,2025-10-08T01:42:05.441533,https://www.vinted.es/items/6942361925-camiseta-manga-larga,164313854,True,,
H&M,T-shirt,H&M polo t-shirt,M,Bueno,Men,2.0,EUR,2025-10-08T01:42:05.441533,https://www.vinted.es/items/7054834226-hm-polo-t-shirt,229233979,True,,
H&M,T-shirt,Camiseta marr√≥n hym,M,Muy bueno,Men,2.5,EUR,2025-10-08T01:42:05.442533,https://www.vinted.es/items/7207403364-camiseta-marron-hym,70454915,True,,
H&M,T-shirt,Camiseta de H&M,M,Muy bueno,Men,2.0,EUR,2025-10-08T01:42:05.442533,https://www.vinted.es/items/7200076398-camiseta-de-hm,293676224,True,,
H&M,T-shirt,Camiseta,M,Muy bueno,Men,7.99,EUR,2025-10-08T01:42:05.442533,https://www.vinted.es/items/7250862048-camiseta,129590800,True,,
H&M,T-shirt,camiseta b√°sica,M,Nuevo sin etiquetas,Men,3.0,EUR,2025-10-08T01:42:05.442533,https://www.vinted.es/items/7139635213-camiseta-basica,194449962,True,,
H&M,T-shirt,Camiseta oversized,L,Muy bueno,Men,4.0,EUR,2025-10-08T01:42:05.442996,https://www.vinted.es/items/7238954694-camiseta-oversized,195220752,True,,
H&M,T-shirt,Camiseta B√°sica H&M,S,Muy bueno,Men,2.0,EUR,2025-10-08T01:42:05.442996,https://www.vinted.es/items/7251088154-camiseta-basica-hm,89920305,True,,
H&M,T-shirt,Camiseta morada,M,Muy bueno,Men,2.0,EUR,2025-10-08T01:42:05.442996,https://www.vinted.es/items/7209668518-camiseta-morada,293496376,True,,
H&M,T-shirt,Camiseta Justin Bieber,S,Nuevo sin etiquetas,Men,7.0,EUR,2025-10-08T01:42:05.442996,https://www.vinted.es/items/7246230111-camiseta-justin-bieber,68115913,True,,
H&M,T-shirt,2 camisetas negras/gris,L,Bueno,Men,2.0,EUR,2025-10-08T01:42:05.442996,https://www.vinted.es/items/7253291166-2-camisetas-negrasgris,30007319,True,,
H&M,T-shirt,Camisa fina negra,M,Nuevo sin etiquetas,Men,3.0,EUR,2025-10-08T01:42:05.442996,https://www.vinted.es/items/7134781589-camisa-fina-negra,292012250,True,,
H&M,T-shirt,black basic oversized t shirt,M,Nuevo sin etiquetas,Men,3.0,EUR,2025-10-08T01:42:05.442996,https://www.vinted.es/items/7135842177-black-basic-oversized-t-shirt,35966624,True,,
H&M,T-shirt,Polo H&M,M,Muy bueno,Men,1.5,EUR,2025-10-08T01:42:05.442996,https://www.vinted.es/items/7213040251-polo-hm,229781098,True,,
H&M,T-shirt,Camiseta holgada beige H&M,L,Muy bueno,Men,2.5,EUR,2025-10-08T01:42:05.442996,https://www.vinted.es/items/7216503504-camiseta-holgada-beige-hm,81149974,True,,
H&M,T-shirt,Camiseta negra basica hym,M,Muy bueno,Men,3.0,EUR,2025-10-08T01:42:05.442996,https://www.vinted.es/items/7247440867-camiseta-negra-basica-hym,195841562,True,,
H&M,T-shirt,Camiseta Manga Larga Bob Esponja H&M,L,Nuevo sin etiquetas,Men,2.0,EUR,2025-10-08T01:42:05.442996,https://www.vinted.es/items/5664341211-camiseta-manga-larga-bob-esponja-hm,116245951,True,,
H&M,T-shirt,Camiseta Nirvana,M,Muy bueno,Men,1.5,EUR,2025-10-08T01:42:05.442996,https://www.vinted.es/items/6799480407-camiseta-nirvana,73430010,True,,
H&M,T-shirt,Polo/Camiseta hombre,L,Muy bueno,Men,1.5,EUR,2025-10-08T01:42:05.442996,https://www.vinted.es/items/7228419196-polocamiseta-hombre,43051194,True,,
H&M,T-shirt,Hym Polo Ajustado Blanco,S,Nuevo sin etiquetas,Men,3.0,EUR,2025-10-08T01:42:05.442996,https://www.vinted.es/items/7233676797-hym-polo-ajustado-blanco,294583847,True,,
H&M,T-shirt,Camiseta,XXL,Nuevo con etiquetas,Men,5.5,EUR,2025-10-08T01:42:05.442996,https://www.vinted.es/items/7199336131-camiseta,77438306,True,,
H&M,T-shirt,White V neck tshirt,M,Muy bueno,Men,1.5,EUR,2025-10-08T01:42:05.442996,https://www.vinted.es/items/7188956713-white-v-neck-tshirt,62813877,True,,
H&M,T-shirt,Sudadera HM esqueleto,S,Muy bueno,Men,2.5,EUR,2025-10-08T01:42:05.442996,https://www.vinted.es/items/7226322146-sudadera-hm-esqueleto,175775579,True,,
H&M,T-shirt,Camiseta manga larga,M,Muy bueno,Men,6.0,EUR,2025-10-08T01:42:05.442996,https://www.vinted.es/items/7168617780-camiseta-manga-larga,149916275,True,,
H&M,T-shirt,Camista,M,Muy bueno,Men,3.0,EUR,2025-10-08T01:42:05.442996,https://www.vinted.es/items/7152760644-camista,133967883,True,,
H&M,T-shirt,camiseta,M,Muy bueno,Men,3.0,EUR,2025-10-08T01:42:05.442996,https://www.vinted.es/items/7202524799-camiseta,219185950,True,,
H&M,T-shirt,Camiseta con cuello tipo Polo,S,Nuevo con etiquetas,Men,7.0,EUR,2025-10-08T01:42:05.442996,https://www.vinted.es/items/7173728022-camiseta-con-cuello-tipo-polo,139620648,True,,
H&M,T-shirt,Camiseta negra de h&m,M,Nuevo con etiquetas,Men,5.0,EUR,2025-10-08T01:42:05.442996,https://www.vinted.es/items/7195100141-camiseta-negra-de-hm,24911662,True,,
H&M,T-shirt,Camiseta manga larga H&M,M,Muy bueno,Men,2.5,EUR,2025-10-08T01:42:05.442996,https://www.vinted.es/items/7245690730-camiseta-manga-larga-hm,131094463,True,,
H&M,T-shirt,Camiseta Slim Fit negra,XS,Muy bueno,Men,4.0,EUR,2025-10-08T01:42:05.442996,https://www.vinted.es/items/6166644447-camiseta-slim-fit-negra,117131140,True,,
H&M,T-shirt,Camiseta H&M Wu-Tang Clan talla L,L,Satisfactorio,Men,2.0,EUR,2025-10-08T01:42:05.442996,https://www.vinted.es/items/7224822823-camiseta-hm-wu-tang-clan-talla-l,27987518,True,,
H&M,T-shirt,6 camisetas y 1 pantalones cortos,L,Muy bueno,Men,2.5,EUR,2025-10-08T01:42:05.442996,https://www.vinted.es/items/7245005264-6-camisetas-y-1-pantalones-cortos,267338797,True,,
H&M,T-shirt,Camiseta H&M,XL,Nuevo sin etiquetas,Men,9.0,EUR,2025-10-08T01:42:05.442996,https://www.vinted.es/items/7221083766-camiseta-hm,66923348,True,,
H&M,T-shirt,Camiseta H&M - M,M,Muy bueno,Men,3.0,EUR,2025-10-08T01:42:05.442996,https://www.vinted.es/items/7247104516-camiseta-hm-m,213440158,True,,
H&M,T-shirt,Camiseta h y m,M,Muy bueno,Men,5.0,EUR,2025-10-08T01:42:05.442996,https://www.vinted.es/items/7234396564-camiseta-h-y-m,278665605,True,,
H&M,T-shirt,Camiseta manga corta H&M,L,Muy bueno,Men,5.0,EUR,2025-10-08T01:42:05.442996,https://www.vinted.es/items/7195072428-camiseta-manga-corta-hm,41019806,True,,
H&M,T-shirt,Camiseta HM,S,Muy bueno,Men,3.0,EUR,2025-10-08T01:42:05.442996,https://www.vinted.es/items/7212782034-camiseta-hm,122271647,True,,
H&M,T-shirt,Camiseta de manga corta,M,Muy bueno,Men,1.5,EUR,2025-10-08T01:42:05.442996,https://www.vinted.es/items/7200317521-camiseta-de-manga-corta,62974473,True,,
H&M,T-shirt,Set de tops,XS,Nuevo sin etiquetas,Men,5.0,EUR,2025-10-08T01:42:05.442996,https://www.vinted.es/items/7246211943-set-de-tops,39572654,True,,
Levi's,Jeans,Vaquero Levis 506,W32 | ES 42,Muy bueno,Men,15.0,EUR,2025-10-08T01:42:11.801206,https://www.vinted.es/items/7186113813-vaquero-levis-506,75515233,True,,
Levi's,Jeans,Levis Original jeans,W36 | ES 46,Muy bueno,Men,15.0,EUR,2025-10-08T01:42:11.802145,https://www.vinted.es/items/7260901467-levis-original-jeans,85390755,True,,
Levi's,Jeans,Pantal√≥n vaquero Levi's modelo 311 Shaping Skinny.,W30 | ES 40,Muy bueno,Men,8.0,EUR,2025-10-08T01:42:11.802145,https://www.vinted.es/items/7236878210-pantalon-vaquero-levis-modelo-311-shaping-skinny,42972804,True,,
Levi's,Jeans,Vaqueros levis hombre,W34 | ES 44,Nuevo sin etiquetas,Men,22.0,EUR,2025-10-08T01:42:11.802145,https://www.vinted.es/items/7260246791-vaqueros-levis-hombre,258236261,True,,
Levi's,Jeans,Pantalones levi‚Äôs 512,W32 | ES 42,Muy bueno,Men,16.0,EUR,2025-10-08T01:42:11.802145,https://www.vinted.es/items/7257456854-pantalones-levis-512,36400254,True,,
Levi's,Jeans,Pantal√≥n Levis 511 W34 L30,W34 | ES 44,Muy bueno,Men,15.0,EUR,2025-10-08T01:42:11.802145,https://www.vinted.es/items/7248311452-pantalon-levis-511-w34-l30,264696144,True,,
Levi's,Jeans,Vaqueros Levis,W26 | ES 36,Muy bueno,Men,6.0,EUR,2025-10-08T01:42:11.802145,https://www.vinted.es/items/7237314321-vaqueros-levis,250769485,True,,
Levi's,Jeans,Levi's mujer 712 Slim,W28 | ES 38,Muy bueno,Men,9.0,EUR,2025-10-08T01:42:11.802145,https://www.vinted.es/items/7257016421-levis-mujer-712-slim,46394397,True,,
Levi's,Jeans,Vaqueros levi's 505,W33 | ES 42,Muy bueno,Men,15.0,EUR,2025-10-08T01:42:11.803151,https://www.vinted.es/items/7261926194-vaqueros-levis-505,295276542,True,,
Levi's,Jeans,Levi's hombre 501,W38 | ES 48,Muy bueno,Men,13.0,EUR,2025-10-08T01:42:11.803151,https://www.vinted.es/items/7261776223-levis-hombre-501,94784302,True,,
Levi's,Jeans,Tejanos Levi‚Äôs bootcut,W34 | ES 44,Muy bueno,Men,35.0,EUR,2025-10-08T01:42:11.803151,https://www.vinted.es/items/7252514456-tejanos-levis-bootcut,77570851,True,,
Levi's,Jeans,Pantal√≥n Levis 501 negro,W30 | ES 40,Muy bueno,Men,15.0,EUR,2025-10-08T01:42:11.803151,https://www.vinted.es/items/7245596397-pantalon-levis-501-negro,172795906,True,,
Levi's,Jeans,Vaqueros Levis Originales,W32 | ES 42,Nuevo sin etiquetas,Men,7.99,EUR,2025-10-08T01:42:11.803151,https://www.vinted.es/items/7258865471-vaqueros-levis-originales,201975597,True,,
Levi's,Jeans,Vaqueros Levis hombre,W29 | ES 38,Nuevo sin etiquetas,Men,12.0,EUR,2025-10-08T01:42:11.803151,https://www.vinted.es/items/7171347503-vaqueros-levis-hombre,51816747,True,,
Levi's,Jeans,Levis,W32 | ES 42,Muy bueno,Men,20.0,EUR,2025-10-08T01:42:11.803151,https://www.vinted.es/items/7199923401-levis,34071288,True,,
Levi's,Jeans,Vaquero levis pintado,W29 | ES 38,Muy bueno,Men,10.0,EUR,2025-10-08T01:42:11.804150,https://www.vinted.es/items/7258134579-vaquero-levis-pintado,78599750,True,,
Levi's,Jeans,pantal√≥n vaquero levis 517,W34 | ES 44,Bueno,Men,15.0,EUR,2025-10-08T01:42:11.804150,https://www.vinted.es/items/7175709823-pantalon-vaquero-levis-517,75663484,True,,
Levi's,Jeans,levi‚Äôs 501 vaquero,W28 | ES 38,Nuevo sin etiquetas,Men,20.0,EUR,2025-10-08T01:42:11.804150,https://www.vinted.es/items/7246137023-levis-501-vaquero,207427524,True,,
Levi's,Jeans,Levi‚Äôs jeans,W30 | ES 40,Muy bueno,Men,20.0,EUR,2025-10-08T01:42:11.804150,https://www.vinted.es/items/7256614495-levis-jeans,164025171,True,,
Levi's,Jeans,Vaqueros Levis,W38 | ES 48,Muy bueno,Men,12.0,EUR,2025-10-08T01:42:11.804150,https://www.vinted.es/items/7248714917-vaqueros-levis,27624513,True,,
Levi's,Jeans,Pantalones levis,W32 | ES 42,Nuevo sin etiquetas,Men,18.0,EUR,2025-10-08T01:42:11.804150,https://www.vinted.es/items/7261943127-pantalones-levis,31353256,True,,
Levi's,Jeans,Vintage Levis Jeans,W32 | ES 42,Nuevo con etiquetas,Men,18.0,EUR,2025-10-08T01:42:11.804150,https://www.vinted.es/items/7261880143-vintage-levis-jeans,124548293,True,,
Levi's,Jeans,Jeans Levi‚Äôs,W28 | ES 38,Muy bueno,Men,10.0,EUR,2025-10-08T01:42:11.804150,https://www.vinted.es/items/7260411191-jeans-levis,294252459,True,,
Levi's,Jeans,Levis 510 w34 l32,W34 | ES 44,Muy bueno,Men,22.0,EUR,2025-10-08T01:42:11.804150,https://www.vinted.es/items/7217480034-levis-510-w34-l32,172841966,True,,
Levi's,Jeans,Levis 501,W32 | ES 42,Muy bueno,Men,17.0,EUR,2025-10-08T01:42:11.805553,https://www.vinted.es/items/7207822320-levis-501,293947229,True,,
Levi's,Jeans,Levi's,W32 | ES 42,Muy bueno,Men,12.0,EUR,2025-10-08T01:42:11.805553,https://www.vinted.es/items/7208168927-levis,72055143,True,,
Levi's,Jeans,Levis 501 w33 l36 azul talla 42 pantalones vaqueros,W32 | ES 42,Muy bueno,Men,17.0,EUR,2025-10-08T01:42:11.805553,https://www.vinted.es/items/7219013839-levis-501-w33-l36-azul-talla-42-pantalones-vaqueros,248674212,True,,
Levi's,Jeans,Levi's 511,W30 | ES 40,Muy bueno,Men,15.9,EUR,2025-10-08T01:42:11.805553,https://www.vinted.es/items/7260656597-levis-511,165935354,True,,
Levi's,Jeans,Vaqueros Levis 511,W30 | ES 40,Muy bueno,Men,15.0,EUR,2025-10-08T01:42:11.805553,https://www.vinted.es/items/7244610915-vaqueros-levis-511,31567943,True,,
Levi's,Jeans,Levi's 512,W30 | ES 40,Muy bueno,Men,10.0,EUR,2025-10-08T01:42:11.805553,https://www.vinted.es/items/7188660987-levis-512,78616248,True,,
Levi's,Jeans,Levi Strauss hombre W36L32,W36 | ES 46,Muy bueno,Men,28.0,EUR,2025-10-08T01:42:11.806560,https://www.vinted.es/items/7219597862-levi-strauss-hombre-w36l32,120996248,True,,
Levi's,Jeans,Jeans Levis 550,W34 | ES 44,Bueno,Men,16.0,EUR,2025-10-08T01:42:11.806560,https://www.vinted.es/items/7252692157-jeans-levis-550,50624717,True,,
Levi's,Jeans,Levi's 501 vaquero cl√°sico azul,W30 | ES 40,Muy bueno,Men,35.0,EUR,2025-10-08T01:42:11.806560,https://www.vinted.es/items/7260384881-levis-501-vaquero-clasico-azul,46974198,True,,
Levi's,Jeans,Vaqueros levis,W36 | ES 46,Muy bueno,Men,15.0,EUR,2025-10-08T01:42:11.806560,https://www.vinted.es/items/7206501704-vaqueros-levis,237273993,True,,
Levi's,Jeans,"Vintage Levi‚Äôs 501 Original Jeans W34 L30 ‚Äì Premium Quality Denim,  Iconic Fit & Style",W34 | ES 44,Nuevo sin etiquetas,Men,19.95,EUR,2025-10-08T01:42:11.806560,https://www.vinted.es/items/7261574828-vintage-levis-501-original-jeans-w34-l30-premium-quality-denim-iconic-fit-style,284214251,True,,
Levi's,Jeans,Vaqueros azules Levis,S,Muy bueno,Men,12.0,EUR,2025-10-08T01:42:11.806560,https://www.vinted.es/items/7239792556-vaqueros-azules-levis,294730582,True,,
Levi's,Jeans,Pantal√≥n negro Levis hombre,W30 | ES 40,Nuevo sin etiquetas,Men,25.0,EUR,2025-10-08T01:42:11.806560,https://www.vinted.es/items/7226344671-pantalon-negro-levis-hombre,105707638,True,,
Levi's,Jeans,Levis 512,W31 | ES 41,Muy bueno,Men,18.5,EUR,2025-10-08T01:42:11.806560,https://www.vinted.es/items/7229931180-levis-512,287027600,True,,
Levi's,Jeans,Levis 512 Azul Talla 31,W31 | ES 41,Bueno,Men,15.0,EUR,2025-10-08T01:42:11.806560,https://www.vinted.es/items/7261735286-levis-512-azul-talla-31,36833761,True,,
Levi's,Jeans,Levis 505 talla 34/32,L,Bueno,Men,15.0,EUR,2025-10-08T01:42:11.806560,https://www.vinted.es/items/7223523650-levis-505-talla-3432,27144921,True,,
Levi's,Jeans,"Levis 511, 33-34",W33 | ES 42,Muy bueno,Men,25.0,EUR,2025-10-08T01:42:11.806560,https://www.vinted.es/items/7217936092-levis-511-33-34,171873178,True,,
Levi's,Jeans,Levi's 511 Loose Jeans Blue Old Money Vintage Style,W34 | ES 44,Muy bueno,Men,20.0,EUR,2025-10-08T01:42:11.806560,https://www.vinted.es/items/7256995027-levis-511-loose-jeans-blue-old-money-vintage-style,250347598,True,,
Levi's,Jeans,Pantalon Levis premium. Talla 46.,W36 | ES 46,Muy bueno,Men,15.0,EUR,2025-10-08T01:42:11.807558,https://www.vinted.es/items/7240372430-pantalon-levis-premium-talla-46,138176231,True,,
Levi's,Jeans,"Levis muy bonitos, comprados aqui pero no me vienen",M,Bueno,Men,5.0,EUR,2025-10-08T01:42:11.807558,https://www.vinted.es/items/7261143569-levis-muy-bonitos-comprados-aqui-pero-no-me-vienen,30476355,True,,
Levi's,Jeans,Vaqueros cortos levis 511 W32,W32 | ES 42,Muy bueno,Men,18.0,EUR,2025-10-08T01:42:11.807558,https://www.vinted.es/items/7248164402-vaqueros-cortos-levis-511-w32,88097493,True,,
Levi's,Jeans,Pantalones vaqueros Levis 529 W28 L34,Talla √∫nica,Muy bueno,Men,7.0,EUR,2025-10-08T01:42:11.807558,https://www.vinted.es/items/7231483091-pantalones-vaqueros-levis-529-w28-l34,30172286,True,,
Levi's,Jeans,Vaqueros Levi‚Äôs,W40 | ES 50,Nuevo sin etiquetas,Men,22.0,EUR,2025-10-08T01:42:11.807968,https://www.vinted.es/items/7244611761-vaqueros-levis,28359161,True,,
Levi's,Jeans,Jean Levi‚Äôs 512,W30 | ES 40,Nuevo sin etiquetas,Men,30.0,EUR,2025-10-08T01:42:11.807968,https://www.vinted.es/items/7260923756-jean-levis-512,33659633,True,,
Levi's,Jeans,"Levi's 501 Medium Blue Jeans W32, L32",W32 | ES 42,Nuevo con etiquetas,Men,38.0,EUR,2025-10-08T01:42:11.807968,https://www.vinted.es/items/7260316470-levis-501-medium-blue-jeans-w32-l32,245174182,True,,
Levi's,Jeans,Tejanos Levi‚Äôs negros,W30 | ES 40,Muy bueno,Men,15.0,EUR,2025-10-08T01:42:11.807968,https://www.vinted.es/items/7257239829-tejanos-levis-negros,294539455,True,,
Levi's,Jeans,Levi's,W29 | ES 38,Muy bueno,Men,9.0,EUR,2025-10-08T01:42:11.807968,https://www.vinted.es/items/7173715248-levis,197860572,True,,
Levi's,Jeans,Levi‚Äôs Jeans 501 Y2K Vintage Dark Blue Straight Fit Classic Denim,W30 | ES 40,Muy bueno,Men,24.95,EUR,2025-10-08T01:42:11.807968,https://www.vinted.es/items/7261509481-levis-jeans-501-y2k-vintage-dark-blue-straight-fit-classic-denim,258450121,True,,
Levi's,Jeans,Pantalones Levi‚Äôs 501 original con corte recto cl√°sico,W33 | ES 42,Bueno,Men,15.0,EUR,2025-10-08T01:42:11.807968,https://www.vinted.es/items/7260369078-pantalones-levis-501-original-con-corte-recto-clasico,103069697,True,,
Levi's,Jeans,"Levi's 506 Straigh, W33 L32",W33 | ES 42,Nuevo sin etiquetas,Men,23.0,EUR,2025-10-08T01:42:11.807968,https://www.vinted.es/items/7229950998-levis-506-straigh-w33-l32,127549781,True,,
Levi's,Jeans,Vaqueros vintage Levi‚Äôs,W32 | ES 42,Nuevo sin etiquetas,Men,30.0,EUR,2025-10-08T01:42:11.807968,https://www.vinted.es/items/7261188232-vaqueros-vintage-levis,273093063,True,,
Levi's,Jeans,üí´ Levi‚Äôs 501 Vintage Jeans Straight Fit Blue Denim 90s Y2K üí´,S,Muy bueno,Men,14.95,EUR,2025-10-08T01:42:11.807968,https://www.vinted.es/items/7257740061-levis-501-vintage-jeans-straight-fit-blue-denim-90s-y2k,30954595,True,,
Levi's,Jeans,Levi‚Äôs chico 512,W32 | ES 42,Muy bueno,Men,18.0,EUR,2025-10-08T01:42:11.807968,https://www.vinted.es/items/7223100796-levis-chico-512,26562638,True,,
Levi's,Jeans,Vaqueros Levi‚Äôs,W34 | ES 44,Nuevo sin etiquetas,Men,25.0,EUR,2025-10-08T01:42:11.807968,https://www.vinted.es/items/7244693302-vaqueros-levis,28359161,True,,
Levi's,Jeans,"Levi's 501 Medium Blue Jeans W34, L32",W34 | ES 44,Nuevo con etiquetas,Men,38.0,EUR,2025-10-08T01:42:11.807968,https://www.vinted.es/items/7260339246-levis-501-medium-blue-jeans-w34-l32,245174182,True,,
Levi's,Jeans,Vaquero hombre Levis 501 azul,W36 | ES 46,Nuevo sin etiquetas,Men,30.0,EUR,2025-10-08T01:42:11.807968,https://www.vinted.es/items/7240413477-vaquero-hombre-levis-501-azul,266020676,True,,
Levi's,Jeans,Levis 501 nuevos,M,Nuevo con etiquetas,Men,47.0,EUR,2025-10-08T01:42:11.807968,https://www.vinted.es/items/7238740406-levis-501-nuevos,39963918,True,,
Levi's,Jeans,Vaqueros levi‚Äôs hombre / Jeans levi‚Äôs homme,W31 | ES 41,Muy bueno,Men,36.0,EUR,2025-10-08T01:42:11.807968,https://www.vinted.es/items/7262248525-vaqueros-levis-hombre-jeans-levis-homme,25317068,True,,
Levi's,Jeans,Pantalones Levi‚Äôs Beige,W30 | ES 40,Nuevo sin etiquetas,Men,20.0,EUR,2025-10-08T01:42:11.807968,https://www.vinted.es/items/7256909943-pantalones-levis-beige,37152590,True,,
Levi's,Jeans,Vaqueros levis (versi√≥n limitada premium),W30 | ES 40,Muy bueno,Men,10.0,EUR,2025-10-08T01:42:11.807968,https://www.vinted.es/items/7261712038-vaqueros-levis-version-limitada-premium,156631809,True,,
Levi's,Jeans,"Levi's 501 Sky Blue Jeans W34, L32",W34 | ES 44,Nuevo con etiquetas,Men,38.0,EUR,2025-10-08T01:42:11.807968,https://www.vinted.es/items/7260119901-levis-501-sky-blue-jeans-w34-l32,245174182,True,,
Levi's,Jeans,Vaquero Levi‚Äôs 511 negro,W31 | ES 41,Nuevo sin etiquetas,Men,38.0,EUR,2025-10-08T01:42:11.807968,https://www.vinted.es/items/7247428714-vaquero-levis-511-negro,81977159,True,,
Levi's,Jeans,Pantal√≥n vaquero Levi‚Äô 752 ( W32 L34),W32 | ES 42,Muy bueno,Men,18.0,EUR,2025-10-08T01:42:11.807968,https://www.vinted.es/items/7257997236-pantalon-vaquero-levi-752-w32-l34,59783899,True,,
Levi's,Jeans,"Levi's 501 Sky Blue Jeans W36, L32",W36 | ES 46,Nuevo con etiquetas,Men,38.0,EUR,2025-10-08T01:42:11.807968,https://www.vinted.es/items/7260166919-levis-501-sky-blue-jeans-w36-l32,245174182,True,,
Levi's,Jeans,Pantalones de pana Levis,W32 | ES 42,Muy bueno,Men,17.0,EUR,2025-10-08T01:42:11.807968,https://www.vinted.es/items/7242213983-pantalones-de-pana-levis,70513705,True,,
Levi's,Jeans,Bermudas vaqueras hombre Levis,W33 | ES 42,Nuevo sin etiquetas,Men,10.0,EUR,2025-10-08T01:42:11.807968,https://www.vinted.es/items/7242251992-bermudas-vaqueras-hombre-levis,84331313,True,,
Levi's,Jeans,Levi's 502,W30 | ES 40,Muy bueno,Men,35.0,EUR,2025-10-08T01:42:11.807968,https://www.vinted.es/items/7208719131-levis-502,218607587,True,,
Levi's,Jeans,Tejanos Levi‚Äôs vintage,W30 | ES 40,Muy bueno,Men,10.0,EUR,2025-10-08T01:42:11.807968,https://www.vinted.es/items/7246516528-tejanos-levis-vintage,79150629,True,,
Levi's,Jeans,Levi‚Äôs 511 stretchable denim for men,W32 | ES 42,Nuevo con etiquetas,Men,46.0,EUR,2025-10-08T01:42:11.807968,https://www.vinted.es/items/7225843260-levis-511-stretchable-denim-for-men,193161651,True,,
Levi's,Jeans,Levi‚Äôs 550 Relaxed Fit,W34 | ES 44,Bueno,Men,25.0,EUR,2025-10-08T01:42:11.807968,https://www.vinted.es/items/7232040039-levis-550-relaxed-fit,81423643,True,,
Levi's,Jeans,Levi‚Äôs 510,W34 | ES 44,Muy bueno,Men,23.0,EUR,2025-10-08T01:42:11.807968,https://www.vinted.es/items/7260278127-levis-510,42395441,True,,
Levi's,Jeans,Jeans Pants Levi‚Äôs 510 Black,W32 | ES 42,Bueno,Men,13.99,EUR,2025-10-08T01:42:11.807968,https://www.vinted.es/items/7234281090-jeans-pants-levis-510-black,47489345,True,,
Levi's,Jeans,Pantal√≥n vaquero Levi‚Äôs,M,Muy bueno,Men,12.0,EUR,2025-10-08T01:42:11.807968,https://www.vinted.es/items/7254728332-pantalon-vaquero-levis,185845002,True,,
Levi's,Jeans,Levis Vaquero 501,W38 | ES 48,Nuevo con etiquetas,Men,30.0,EUR,2025-10-08T01:42:11.807968,https://www.vinted.es/items/7255173038-levis-vaquero-501,207427524,True,,
Levi's,Jeans,Pantal√≥n vaquero 551 Z de Levi‚Äôs,W32 | ES 42,Muy bueno,Men,25.0,EUR,2025-10-08T01:42:11.807968,https://www.vinted.es/items/7260557225-pantalon-vaquero-551-z-de-levis,27847433,True,,
Levi's,Jeans,Pantalones modelo 513 Skinny Leg,W32 | ES 42,Satisfactorio,Men,8.0,EUR,2025-10-08T01:42:11.807968,https://www.vinted.es/items/7231981849-pantalones-modelo-513-skinny-leg,197713800,True,,
Levi's,Jeans,Levis 514,W42 | ES 52,Nuevo sin etiquetas,Men,35.0,EUR,2025-10-08T01:42:11.807968,https://www.vinted.es/items/7213200955-levis-514,125694329,True,,
Levi's,Jeans,Levi‚Äôs 501 Straight Fit Jeans 00s Style - Size W36 L34,W36 | ES 46,Muy bueno,Men,14.99,EUR,2025-10-08T01:42:11.807968,https://www.vinted.es/items/7240290935-levis-501-straight-fit-jeans-00s-style-size-w36-l34,237015196,True,,
Levi's,Jeans,Levis Wear to shrink,W29 | ES 38,Nuevo con etiquetas,Men,45.0,EUR,2025-10-08T01:42:11.807968,https://www.vinted.es/items/7257235699-levis-wear-to-shrink,295151972,True,,
Levi's,Jeans,Pantalones vaqueros negros Levi's talla W32,W32 | ES 42,Muy bueno,Men,10.0,EUR,2025-10-08T01:42:11.813884,https://www.vinted.es/items/5283030162-pantalones-vaqueros-negros-levis-talla-w32,35807475,True,,
Levi's,Jeans,Vaquero Levi‚Äôs,W32 | ES 42,Nuevo sin etiquetas,Men,26.0,EUR,2025-10-08T01:42:11.813884,https://www.vinted.es/items/7217722872-vaquero-levis,33592604,True,,
Levi's,Jeans,Vaqueros Levi‚Äôs,W31 | ES 41,Muy bueno,Men,19.0,EUR,2025-10-08T01:42:11.814246,https://www.vinted.es/items/7232148358-vaqueros-levis,33346685,True,,
Levi's,Jeans,Levis 504 vintage,L,Bueno,Men,10.0,EUR,2025-10-08T01:42:11.814246,https://www.vinted.es/items/7261602450-levis-504-vintage,187873063,True,,
Levi's,Jeans,Jeans Levi‚Äôs,W33 | ES 42,Nuevo sin etiquetas,Men,30.0,EUR,2025-10-08T01:42:11.814246,https://www.vinted.es/items/7257759929-jeans-levis,277792371,True,,
Levi's,Jeans,Levis,XXL,Muy bueno,Men,9.0,EUR,2025-10-08T01:42:11.814246,https://www.vinted.es/items/7228227152-levis,147296881,True,,
Levi's,Jeans,Levi‚Äôs 501 vintage W34 hombre homme men,W34 | ES 44,Muy bueno,Men,15.0,EUR,2025-10-08T01:42:11.814246,https://www.vinted.es/items/7211849698-levis-501-vintage-w34-hombre-homme-men,21560432,True,,
Levi's,Jeans,Levis 501 negros mujer,M,Muy bueno,Men,15.0,EUR,2025-10-08T01:42:11.814246,https://www.vinted.es/items/7222012407-levis-501-negros-mujer,28376508,True,,
Levi's,Jeans,Pantal√≥n vaquero hombre recto,W32 | ES 42,Muy bueno,Men,10.0,EUR,2025-10-08T01:42:11.814246,https://www.vinted.es/items/7221639862-pantalon-vaquero-hombre-recto,30787781,True,,
Levi's,Jeans,Vaqueros Levis 501,W30 | ES 40,Nuevo sin etiquetas,Men,35.0,EUR,2025-10-08T01:42:11.814246,https://www.vinted.es/items/7219085001-vaqueros-levis-501,30797298,True,,
Levi's,Jeans,Vaquero/Jean LEVI'S 511 (W33 L34),W33 | ES 42,Muy bueno,Men,22.0,EUR,2025-10-08T01:42:11.814246,https://www.vinted.es/items/7262125802-vaquerojean-levis-511-w33-l34,125538448,True,,
Levi's,Jeans,Levi's 401  Baggy vintage üá∫üá∏,W32 | ES 42,Muy bueno,Men,25.0,EUR,2025-10-08T01:42:11.815246,https://www.vinted.es/items/7221030273-levis-401-baggy-vintage,218607587,True,,
Levi's,Jeans,Jean o vaquero levis527,W30 | ES 40,Muy bueno,Men,20.0,EUR,2025-10-08T01:42:11.815246,https://www.vinted.es/items/7239413190-jean-o-vaquero-levis527,211065789,True,,
